match_id,team,opponent_team,match_date,venue,Season,runs_scored,wickets_lost ,overs_faced,runs_conceded,wickets_taken,match_result,man_of_the_match
1312200,Rajasthan Royals,Gujarat Titans,29-05-2022,Ahmedabad,2022,144,9,14,147,3,Gujarat Titans,HH Pandya
1312199,Royal Challengers Bangalore,Rajasthan Royals,27-05-2022,Ahmedabad,2022,80,2,11,81,0,Rajasthan Royals,JC Buttler
1312198,Royal Challengers Bangalore,Lucknow Super Giants,25-05-2022,Kolkata,2022,125,9,10,69,7,Royal Challengers Bangalore,RM Patidar
1312197,Rajasthan Royals,Gujarat Titans,24-05-2022,Kolkata,2022,129,10,19,130,3,Gujarat Titans,DA Miller
1304116,Sunrisers Hyderabad,Punjab Kings,22-05-2022,Mumbai,2022,134,3,15,136,0,Punjab Kings,Harpreet Brar
1304115,Delhi Capitals,Mumbai Indians,21-05-2022,Mumbai,2022,217,7,17,218,5,Mumbai Indians,JJ Bumrah
1304114,Chennai Super Kings,Rajasthan Royals,20-05-2022,Mumbai,2022,187,2,19,190,1,Rajasthan Royals,R Ashwin
1304113,Gujarat Titans,Royal Challengers Bangalore,19-05-2022,Mumbai,2022,77,8,19,79,10,Royal Challengers Bangalore,V Kohli
1304112,Lucknow Super Giants,Kolkata Knight Riders,18-05-2022,Navi Mumbai,2022,179,3,16,110,2,Lucknow Super Giants,Q de Kock
1304111,Sunrisers Hyderabad,Mumbai Indians,17-05-2022,Mumbai,2022,188,7,8,93,4,Sunrisers Hyderabad,RA Tripathi
1304110,Delhi Capitals,Punjab Kings,16-05-2022,Navi Mumbai,2022,143,3,17,86,8,Delhi Capitals,SN Thakur
1304109,Rajasthan Royals,Lucknow Super Giants,15-05-2022,Mumbai,2022,72,9,11,67,9,Rajasthan Royals,TA Boult
1304108,Chennai Super Kings,Gujarat Titans,15-05-2022,Mumbai,2022,99,1,19,103,10,Gujarat Titans,WP Saha
1304107,Kolkata Knight Riders,Sunrisers Hyderabad,14-05-2022,Pune,2022,146,0,11,95,2,Kolkata Knight Riders,AD Russell
1304106,Punjab Kings,Royal Challengers Bangalore,13-05-2022,Mumbai,2022,148,3,12,100,7,Punjab Kings,JM Bairstow
1304105,Chennai Super Kings,Mumbai Indians,12-05-2022,Mumbai,2022,110,0,16,114,5,Mumbai Indians,DR Sams
1304104,Rajasthan Royals,Delhi Capitals,11-05-2022,Navi Mumbai,2022,208,3,12,210,10,Delhi Capitals,MR Marsh
1304103,Gujarat Titans,Lucknow Super Giants,10-05-2022,Pune,2022,121,5,14,78,7,Gujarat Titans,Shubman Gill
1304102,Kolkata Knight Riders,Mumbai Indians,09-05-2022,Navi Mumbai,2022,185,9,11,101,1,Kolkata Knight Riders,JJ Bumrah
1304101,Chennai Super Kings,Delhi Capitals,08-05-2022,Navi Mumbai,2022,102,8,14,99,2,Chennai Super Kings,DP Conway
1304100,Royal Challengers Bangalore,Sunrisers Hyderabad,08-05-2022,Mumbai,2022,112,6,12,111,9,Royal Challengers Bangalore,PWH de Silva
1304099,Lucknow Super Giants,Kolkata Knight Riders,07-05-2022,Pune,2022,119,0,7,80,8,Lucknow Super Giants,Avesh Khan
1304098,Punjab Kings,Rajasthan Royals,07-05-2022,Mumbai,2022,200,9,13,205,9,Rajasthan Royals,YBK Jaiswal
1304097,Mumbai Indians,Gujarat Titans,06-05-2022,Mumbai,2022,124,8,8,104,5,Mumbai Indians,TH David
1304096,Delhi Capitals,Sunrisers Hyderabad,05-05-2022,Mumbai,2022,163,1,12,102,1,Delhi Capitals,DA Warner
1304095,Royal Challengers Bangalore,Chennai Super Kings,04-05-2022,Pune,2022,167,2,14,139,2,Royal Challengers Bangalore,HV Patel
1304094,Gujarat Titans,Punjab Kings,03-05-2022,Navi Mumbai,2022,143,7,15,146,4,Punjab Kings,K Rabada
1304093,Rajasthan Royals,Kolkata Knight Riders,02-05-2022,Mumbai,2022,78,6,12,79,4,Kolkata Knight Riders,RK Singh
1304092,Chennai Super Kings,Sunrisers Hyderabad,01-05-2022,Pune,2022,73,1,17,71,8,Chennai Super Kings,RD Gaikwad
1304091,Lucknow Super Giants,Delhi Capitals,01-05-2022,Mumbai,2022,157,7,19,77,7,Lucknow Super Giants,Mohsin Khan
1304090,Rajasthan Royals,Mumbai Indians,30-04-2022,Navi Mumbai,2022,164,0,18,166,5,Mumbai Indians,SA Yadav
1304089,Royal Challengers Bangalore,Gujarat Titans,30-04-2022,Mumbai,2022,107,8,18,112,1,Gujarat Titans,R Tewatia
1304088,Lucknow Super Giants,Punjab Kings,29-04-2022,Pune,2022,133,4,13,79,8,Lucknow Super Giants,KH Pandya
1304087,Kolkata Knight Riders,Delhi Capitals,28-04-2022,Mumbai,2022,109,6,19,110,2,Delhi Capitals,Kuldeep Yadav
1304086,Sunrisers Hyderabad,Gujarat Titans,27-04-2022,Mumbai,2022,89,1,12,90,9,Gujarat Titans,Umran Malik
1304085,Rajasthan Royals,Royal Challengers Bangalore,26-04-2022,Pune,2022,110,2,18,106,4,Rajasthan Royals,R Parag
1304084,Punjab Kings,Chennai Super Kings,25-04-2022,Mumbai,2022,147,9,7,81,8,Punjab Kings,S Dhawan
1304083,Lucknow Super Giants,Mumbai Indians,24-04-2022,Mumbai,2022,86,2,8,84,1,Lucknow Super Giants,KL Rahul
1304082,Royal Challengers Bangalore,Sunrisers Hyderabad,23-04-2022,Mumbai,2022,184,7,13,188,5,Sunrisers Hyderabad,M Jansen
1304081,Gujarat Titans,Kolkata Knight Riders,23-04-2022,Navi Mumbai,2022,109,0,7,74,9,Gujarat Titans,Rashid Khan
1304080,Rajasthan Royals,Delhi Capitals,22-04-2022,Mumbai,2022,193,8,18,131,9,Rajasthan Royals,JC Buttler
1304079,Mumbai Indians,Chennai Super Kings,21-04-2022,Navi Mumbai,2022,126,3,18,129,6,Chennai Super Kings,Mukesh Choudhary
1304078,Punjab Kings,Delhi Capitals,20-04-2022,Mumbai,2022,74,4,15,78,10,Delhi Capitals,Kuldeep Yadav
1304077,Royal Challengers Bangalore,Lucknow Super Giants,19-04-2022,Mumbai,2022,196,1,13,88,9,Royal Challengers Bangalore,F du Plessis
1304076,Rajasthan Royals,Kolkata Knight Riders,18-04-2022,Mumbai,2022,125,4,20,107,3,Rajasthan Royals,YS Chahal
1304075,Chennai Super Kings,Gujarat Titans,17-04-2022,Pune,2022,182,4,18,186,0,Gujarat Titans,DA Miller
1304074,Punjab Kings,Sunrisers Hyderabad,17-04-2022,Mumbai,2022,206,10,16,208,9,Sunrisers Hyderabad,Umran Malik
1304073,Royal Challengers Bangalore,Delhi Capitals,16-04-2022,Mumbai,2022,164,2,12,122,2,Royal Challengers Bangalore,KD Karthik
1304072,Lucknow Super Giants,Mumbai Indians,16-04-2022,Mumbai,2022,185,5,10,124,1,Lucknow Super Giants,KL Rahul
1304071,Kolkata Knight Riders,Sunrisers Hyderabad,15-04-2022,Mumbai,2022,217,4,17,220,9,Sunrisers Hyderabad,RA Tripathi
1304070,Gujarat Titans,Rajasthan Royals,14-04-2022,Mumbai,2022,175,0,14,119,10,Gujarat Titans,HH Pandya
1304069,Punjab Kings,Mumbai Indians,13-04-2022,Pune,2022,175,2,7,106,10,Punjab Kings,MA Agarwal
1304068,Chennai Super Kings,Royal Challengers Bangalore,12-04-2022,Mumbai,2022,104,9,10,89,3,Chennai Super Kings,S Dube
1304067,Gujarat Titans,Sunrisers Hyderabad,11-04-2022,Mumbai,2022,151,6,16,153,0,Sunrisers Hyderabad,KS Williamson
1304066,Rajasthan Royals,Lucknow Super Giants,10-04-2022,Mumbai,2022,109,10,12,78,6,Rajasthan Royals,YS Chahal
1304065,Delhi Capitals,Kolkata Knight Riders,10-04-2022,Mumbai,2022,191,0,7,109,10,Delhi Capitals,Kuldeep Yadav
1304064,Mumbai Indians,Royal Challengers Bangalore,09-04-2022,Pune,2022,177,4,14,181,3,Royal Challengers Bangalore,Anuj Rawat
1304063,Chennai Super Kings,Sunrisers Hyderabad,09-04-2022,Mumbai,2022,213,3,16,216,4,Sunrisers Hyderabad,Abhishek Sharma
1304062,Punjab Kings,Gujarat Titans,08-04-2022,Mumbai,2022,192,9,20,196,6,Gujarat Titans,Shubman Gill
1304061,Delhi Capitals,Lucknow Super Giants,07-04-2022,Mumbai,2022,79,10,7,81,10,Lucknow Super Giants,Q de Kock
1304060,Mumbai Indians,Kolkata Knight Riders,06-04-2022,Pune,2022,98,4,19,102,1,Kolkata Knight Riders,PJ Cummins
1304059,Rajasthan Royals,Royal Challengers Bangalore,05-04-2022,Mumbai,2022,70,0,15,73,7,Royal Challengers Bangalore,KD Karthik
1304058,Lucknow Super Giants,Sunrisers Hyderabad,04-04-2022,Mumbai,2022,211,2,9,206,5,Lucknow Super Giants,Avesh Khan
1304057,Punjab Kings,Chennai Super Kings,03-04-2022,Mumbai,2022,100,4,12,71,2,Punjab Kings,LS Livingstone
1304056,Gujarat Titans,Delhi Capitals,02-04-2022,Pune,2022,144,7,18,78,5,Gujarat Titans,LH Ferguson
1304055,Rajasthan Royals,Mumbai Indians,02-04-2022,Mumbai,2022,109,4,19,105,5,Rajasthan Royals,JC Buttler
1304054,Punjab Kings,Kolkata Knight Riders,01-04-2022,Mumbai,2022,79,4,15,84,8,Kolkata Knight Riders,UT Yadav
1304053,Chennai Super Kings,Lucknow Super Giants,31-03-2022,Mumbai,2022,214,5,11,218,8,Lucknow Super Giants,E Lewis
1304052,Kolkata Knight Riders,Royal Challengers Bangalore,30-03-2022,Mumbai,2022,141,5,18,144,3,Royal Challengers Bangalore,PWH de Silva
1304051,Rajasthan Royals,Sunrisers Hyderabad,29-03-2022,Pune,2022,150,5,18,80,5,Rajasthan Royals,SV Samson
1304050,Lucknow Super Giants,Gujarat Titans,28-03-2022,Mumbai,2022,115,2,15,118,4,Gujarat Titans,Mohammed Shami
1304049,Royal Challengers Bangalore,Punjab Kings,27-03-2022,Mumbai,2022,73,5,19,75,5,Punjab Kings,OF Smith
1304048,Mumbai Indians,Delhi Capitals,27-03-2022,Mumbai,2022,126,8,18,130,7,Delhi Capitals,Kuldeep Yadav
1304047,Chennai Super Kings,Kolkata Knight Riders,26-03-2022,Mumbai,2022,143,6,14,147,2,Kolkata Knight Riders,UT Yadav
1254117,Chennai Super Kings,Kolkata Knight Riders,15-10-2021,Dubai,2021,146,9,12,114,2,Chennai Super Kings,F du Plessis
1254116,Delhi Capitals,Kolkata Knight Riders,13-10-2021,Sharjah,2021,69,5,9,73,0,Kolkata Knight Riders,VR Iyer
1254115,Royal Challengers Bangalore,Kolkata Knight Riders,11-10-2021,Sharjah,2021,190,9,13,193,1,Kolkata Knight Riders,SP Narine
1254114,Delhi Capitals,Chennai Super Kings,10-10-2021,Dubai,2021,153,2,16,154,8,Chennai Super Kings,RD Gaikwad
1254101,Delhi Capitals,Royal Challengers Bangalore,08-10-2021,Dubai,2021,173,6,10,175,7,Royal Challengers Bangalore,KS Bharat
1254088,Mumbai Indians,Sunrisers Hyderabad,08-10-2021,Abu Dhabi,2021,133,4,8,83,1,Mumbai Indians,Ishan Kishan
1254106,Kolkata Knight Riders,Rajasthan Royals,07-10-2021,Sharjah,2021,71,5,12,67,6,Kolkata Knight Riders,Shivam Mavi
1254094,Chennai Super Kings,Punjab Kings,07-10-2021,Dubai,2021,138,6,7,143,10,Punjab Kings,KL Rahul
1254095,Sunrisers Hyderabad,Royal Challengers Bangalore,06-10-2021,Abu Dhabi,2021,80,6,15,69,3,Sunrisers Hyderabad,KS Williamson
1254093,Rajasthan Royals,Mumbai Indians,05-10-2021,Sharjah,2021,122,10,8,127,3,Mumbai Indians,NM Coulter-Nile
1254110,Chennai Super Kings,Delhi Capitals,04-10-2021,Dubai,2021,134,5,16,135,10,Delhi Capitals,AR Patel
1254090,Royal Challengers Bangalore,Punjab Kings,03-10-2021,Sharjah,2021,69,7,8,67,0,Royal Challengers Bangalore,GJ Maxwell
1254109,Sunrisers Hyderabad,Kolkata Knight Riders,03-10-2021,Dubai,2021,168,10,7,170,0,Kolkata Knight Riders,Shubman Gill
1254112,Mumbai Indians,Delhi Capitals,02-10-2021,Sharjah,2021,77,9,16,78,10,Delhi Capitals,AR Patel
1254089,Chennai Super Kings,Rajasthan Royals,02-10-2021,Abu Dhabi,2021,109,0,18,113,9,Rajasthan Royals,RD Gaikwad
1254102,Kolkata Knight Riders,Punjab Kings,01-10-2021,Dubai,2021,164,0,20,169,10,Punjab Kings,KL Rahul
1254091,Sunrisers Hyderabad,Chennai Super Kings,30-09-2021,Sharjah,2021,94,7,11,98,8,Chennai Super Kings,JR Hazlewood
1254103,Rajasthan Royals,Royal Challengers Bangalore,29-09-2021,Dubai,2021,158,4,11,161,10,Royal Challengers Bangalore,YS Chahal
1254099,Punjab Kings,Mumbai Indians,28-09-2021,Abu Dhabi,2021,186,0,11,188,1,Mumbai Indians,KA Pollard
1254092,Delhi Capitals,Kolkata Knight Riders,28-09-2021,Sharjah,2021,97,8,15,99,0,Kolkata Knight Riders,SP Narine
1254100,Rajasthan Royals,Sunrisers Hyderabad,27-09-2021,Dubai,2021,171,6,17,174,8,Sunrisers Hyderabad,JJ Roy
1254098,Kolkata Knight Riders,Chennai Super Kings,26-09-2021,Abu Dhabi,2021,172,2,20,176,5,Chennai Super Kings,RA Jadeja
1254108,Royal Challengers Bangalore,Mumbai Indians,26-09-2021,Dubai,2021,78,4,7,75,1,Royal Challengers Bangalore,GJ Maxwell
1254097,Delhi Capitals,Rajasthan Royals,25-09-2021,Abu Dhabi,2021,146,4,8,85,4,Delhi Capitals,SS Iyer
1254107,Punjab Kings,Sunrisers Hyderabad,25-09-2021,Sharjah,2021,198,1,17,160,10,Punjab Kings,JO Holder
1254113,Royal Challengers Bangalore,Chennai Super Kings,24-09-2021,Sharjah,2021,186,8,7,187,1,Chennai Super Kings,DJ Bravo
1254096,Mumbai Indians,Kolkata Knight Riders,23-09-2021,Abu Dhabi,2021,80,1,13,84,8,Kolkata Knight Riders,SP Narine
1254105,Sunrisers Hyderabad,Delhi Capitals,22-09-2021,Dubai,2021,116,1,15,119,7,Delhi Capitals,A Nortje
1254111,Rajasthan Royals,Punjab Kings,21-09-2021,Dubai,2021,181,7,16,76,10,Rajasthan Royals,Kartik Tyagi
1254087,Royal Challengers Bangalore,Kolkata Knight Riders,20-09-2021,Abu Dhabi,2021,166,7,11,168,10,Kolkata Knight Riders,CV Varun
1254104,Chennai Super Kings,Mumbai Indians,19-09-2021,Dubai,2021,169,0,12,137,5,Chennai Super Kings,RD Gaikwad
1254086,Punjab Kings,Delhi Capitals,02-05-2021,Ahmedabad,2021,116,10,16,118,9,Delhi Capitals,MA Agarwal
1254085,Rajasthan Royals,Sunrisers Hyderabad,02-05-2021,Delhi,2021,198,4,13,145,8,Rajasthan Royals,JC Buttler
1254084,Chennai Super Kings,Mumbai Indians,01-05-2021,Delhi,2021,213,1,19,215,5,Mumbai Indians,KA Pollard
1254083,Punjab Kings,Royal Challengers Bangalore,30-04-2021,Ahmedabad,2021,151,4,8,85,8,Punjab Kings,Harpreet Brar
1254082,Kolkata Knight Riders,Delhi Capitals,29-04-2021,Ahmedabad,2021,217,8,8,218,6,Delhi Capitals,PP Shaw
1254081,Rajasthan Royals,Mumbai Indians,29-04-2021,Delhi,2021,151,3,11,153,6,Mumbai Indians,Q de Kock
1254080,Sunrisers Hyderabad,Chennai Super Kings,28-04-2021,Delhi,2021,80,4,9,82,6,Chennai Super Kings,RD Gaikwad
1254079,Royal Challengers Bangalore,Delhi Capitals,27-04-2021,Ahmedabad,2021,100,2,8,87,3,Royal Challengers Bangalore,AB de Villiers
1254078,Punjab Kings,Kolkata Knight Riders,26-04-2021,Ahmedabad,2021,150,9,16,152,6,Kolkata Knight Riders,EJG Morgan
1254077,Delhi Capitals,Sunrisers Hyderabad,25-04-2021,Chennai,2021,113,8,7,70,2,Delhi Capitals,PP Shaw
1254076,Chennai Super Kings,Royal Challengers Bangalore,25-04-2021,Mumbai,2021,79,1,11,77,1,Chennai Super Kings,RA Jadeja
1254075,Kolkata Knight Riders,Rajasthan Royals,24-04-2021,Mumbai,2021,207,7,11,208,5,Rajasthan Royals,CH Morris
1254074,Mumbai Indians,Punjab Kings,23-04-2021,Chennai,2021,148,8,13,151,6,Punjab Kings,KL Rahul
1254073,Rajasthan Royals,Royal Challengers Bangalore,22-04-2021,Mumbai,2021,70,0,7,72,1,Royal Challengers Bangalore,D Padikkal
1254072,Chennai Super Kings,Kolkata Knight Riders,21-04-2021,Mumbai,2021,122,9,12,94,2,Chennai Super Kings,F du Plessis
1254071,Punjab Kings,Sunrisers Hyderabad,21-04-2021,Chennai,2021,103,1,10,105,6,Sunrisers Hyderabad,JM Bairstow
1254070,Mumbai Indians,Delhi Capitals,20-04-2021,Chennai,2021,115,10,11,118,9,Delhi Capitals,A Mishra
1254069,Chennai Super Kings,Rajasthan Royals,19-04-2021,Mumbai,2021,81,1,10,76,7,Chennai Super Kings,MM Ali
1254068,Punjab Kings,Delhi Capitals,18-04-2021,Mumbai,2021,175,10,9,180,4,Delhi Capitals,S Dhawan
1254067,Royal Challengers Bangalore,Kolkata Knight Riders,18-04-2021,Chennai,2021,127,3,13,85,9,Royal Challengers Bangalore,AB de Villiers
1254066,Mumbai Indians,Sunrisers Hyderabad,17-04-2021,Chennai,2021,82,1,15,79,9,Mumbai Indians,KA Pollard
1254065,Punjab Kings,Chennai Super Kings,16-04-2021,Mumbai,2021,130,6,10,135,0,Chennai Super Kings,DL Chahar
1254064,Delhi Capitals,Rajasthan Royals,15-04-2021,Mumbai,2021,93,2,7,98,7,Rajasthan Royals,JD Unadkat
1254063,Royal Challengers Bangalore,Sunrisers Hyderabad,14-04-2021,Chennai,2021,163,8,18,102,5,Royal Challengers Bangalore,GJ Maxwell
1254062,Mumbai Indians,Kolkata Knight Riders,13-04-2021,Chennai,2021,143,8,8,98,5,Mumbai Indians,RD Chahar
1254061,Punjab Kings,Rajasthan Royals,12-04-2021,Mumbai,2021,125,4,17,96,4,Punjab Kings,SV Samson
1254060,Kolkata Knight Riders,Sunrisers Hyderabad,11-04-2021,Chennai,2021,138,6,16,77,8,Kolkata Knight Riders,N Rana
1254059,Chennai Super Kings,Delhi Capitals,10-04-2021,Mumbai,2021,113,5,7,118,5,Delhi Capitals,S Dhawan
1254058,Mumbai Indians,Royal Challengers Bangalore,09-04-2021,Chennai,2021,174,6,9,175,5,Royal Challengers Bangalore,HV Patel
1237181,Delhi Capitals,Mumbai Indians,10-11-2020,NA,2020/21,129,1,13,133,2,Mumbai Indians,TA Boult
1237180,Delhi Capitals,Sunrisers Hyderabad,08-11-2020,Abu Dhabi,2020/21,218,0,16,103,10,Delhi Capitals,MP Stoinis
1237178,Royal Challengers Bangalore,Sunrisers Hyderabad,06-11-2020,Abu Dhabi,2020/21,103,8,14,104,8,Sunrisers Hyderabad,KS Williamson
1237177,Mumbai Indians,Delhi Capitals,05-11-2020,NA,2020/21,83,9,18,81,4,Mumbai Indians,JJ Bumrah
1216495,Mumbai Indians,Sunrisers Hyderabad,03-11-2020,NA,2020/21,117,10,13,122,7,Sunrisers Hyderabad,S Nadeem
1216505,Royal Challengers Bangalore,Delhi Capitals,02-11-2020,Abu Dhabi,2020/21,168,7,8,169,0,Delhi Capitals,A Nortje
1216530,Kolkata Knight Riders,Rajasthan Royals,01-11-2020,NA,2020/21,86,8,19,84,3,Kolkata Knight Riders,PJ Cummins
1216506,Kings XI Punjab,Chennai Super Kings,01-11-2020,Abu Dhabi,2020/21,191,0,17,195,9,Chennai Super Kings,RD Gaikwad
1216535,Delhi Capitals,Mumbai Indians,31-10-2020,NA,2020/21,156,6,8,160,4,Mumbai Indians,Ishan Kishan
1216502,Royal Challengers Bangalore,Sunrisers Hyderabad,31-10-2020,NA,2020/21,103,5,20,104,5,Sunrisers Hyderabad,Sandeep Sharma
1216537,Kings XI Punjab,Rajasthan Royals,30-10-2020,Abu Dhabi,2020/21,201,9,20,204,4,Rajasthan Royals,BA Stokes
1216536,Kolkata Knight Riders,Chennai Super Kings,29-10-2020,NA,2020/21,122,0,9,123,2,Chennai Super Kings,RD Gaikwad
1216499,Royal Challengers Bangalore,Mumbai Indians,28-10-2020,Abu Dhabi,2020/21,90,0,17,95,3,Mumbai Indians,SA Yadav
1216524,Sunrisers Hyderabad,Delhi Capitals,27-10-2020,NA,2020/21,176,5,18,119,10,Sunrisers Hyderabad,WP Saha
1216520,Kolkata Knight Riders,Kings XI Punjab,26-10-2020,NA,2020/21,160,10,13,165,3,Kings XI Punjab,CH Gayle
1216541,Mumbai Indians,Rajasthan Royals,25-10-2020,Abu Dhabi,2020/21,218,8,17,221,1,Rajasthan Royals,BA Stokes
1216544,Royal Challengers Bangalore,Chennai Super Kings,25-10-2020,NA,2020/21,144,8,18,149,0,Chennai Super Kings,RD Gaikwad
1216498,Kings XI Punjab,Sunrisers Hyderabad,24-10-2020,NA,2020/21,198,1,9,123,5,Kings XI Punjab,CJ Jordan
1216497,Kolkata Knight Riders,Delhi Capitals,24-10-2020,Abu Dhabi,2020/21,204,4,12,115,8,Kolkata Knight Riders,CV Varun
1216521,Chennai Super Kings,Mumbai Indians,23-10-2020,NA,2020/21,150,6,8,151,0,Mumbai Indians,TA Boult
1216518,Rajasthan Royals,Sunrisers Hyderabad,22-10-2020,NA,2020/21,125,5,10,130,1,Sunrisers Hyderabad,MK Pandey
1216494,Kolkata Knight Riders,Royal Challengers Bangalore,21-10-2020,Abu Dhabi,2020/21,142,2,16,143,0,Royal Challengers Bangalore,Mohammed Siraj
1216546,Delhi Capitals,Kings XI Punjab,20-10-2020,NA,2020/21,82,0,16,85,9,Kings XI Punjab,S Dhawan
1216533,Chennai Super Kings,Rajasthan Royals,19-10-2020,Abu Dhabi,2020/21,186,5,15,188,3,Rajasthan Royals,JC Buttler
1216512,Kolkata Knight Riders,Sunrisers Hyderabad,18-10-2020,Abu Dhabi,2020/21,97,2,17,82,10,Kolkata Knight Riders,LH Ferguson
1216517,Mumbai Indians,Kings XI Punjab,18-10-2020,NA,2020/21,161,3,17,164,5,Kings XI Punjab,KL Rahul
1216522,Rajasthan Royals,Royal Challengers Bangalore,17-10-2020,NA,2020/21,77,1,15,81,2,Royal Challengers Bangalore,AB de Villiers
1216509,Chennai Super Kings,Delhi Capitals,17-10-2020,NA,2020/21,134,9,8,139,10,Delhi Capitals,S Dhawan
1216526,Kolkata Knight Riders,Mumbai Indians,16-10-2020,Abu Dhabi,2020/21,151,7,18,156,8,Mumbai Indians,Q de Kock
1216531,Royal Challengers Bangalore,Kings XI Punjab,15-10-2020,NA,2020/21,118,0,13,119,5,Kings XI Punjab,KL Rahul
1216543,Delhi Capitals,Rajasthan Royals,14-10-2020,NA,2020/21,104,8,12,72,10,Delhi Capitals,A Nortje
1216528,Chennai Super Kings,Sunrisers Hyderabad,13-10-2020,NA,2020/21,205,10,12,83,4,Chennai Super Kings,RA Jadeja
1216540,Royal Challengers Bangalore,Kolkata Knight Riders,12-10-2020,NA,2020/21,170,8,18,121,6,Royal Challengers Bangalore,AB de Villiers
1216507,Sunrisers Hyderabad,Rajasthan Royals,11-10-2020,NA,2020/21,95,8,13,98,0,Rajasthan Royals,R Tewatia
1216529,Delhi Capitals,Mumbai Indians,11-10-2020,Abu Dhabi,2020/21,152,6,8,156,2,Mumbai Indians,Q de Kock
1216523,Kolkata Knight Riders,Kings XI Punjab,10-10-2020,Abu Dhabi,2020/21,207,1,13,78,0,Kolkata Knight Riders,KD Karthik
1216525,Royal Challengers Bangalore,Chennai Super Kings,10-10-2020,NA,2020/21,204,10,15,155,2,Royal Challengers Bangalore,V Kohli
1216500,Delhi Capitals,Rajasthan Royals,09-10-2020,NA,2020/21,168,1,18,116,1,Delhi Capitals,R Ashwin
1216542,Sunrisers Hyderabad,Kings XI Punjab,08-10-2020,NA,2020/21,218,7,19,174,5,Sunrisers Hyderabad,JM Bairstow
1216501,Kolkata Knight Riders,Chennai Super Kings,07-10-2020,Abu Dhabi,2020/21,129,5,7,92,7,Kolkata Knight Riders,RA Tripathi
1216511,Mumbai Indians,Rajasthan Royals,06-10-2020,Abu Dhabi,2020/21,75,2,12,72,3,Mumbai Indians,SA Yadav
1216519,Delhi Capitals,Royal Challengers Bangalore,05-10-2020,NA,2020/21,135,4,15,107,2,Delhi Capitals,AR Patel
1216513,Kings XI Punjab,Chennai Super Kings,04-10-2020,NA,2020/21,190,6,15,191,5,Chennai Super Kings,SR Watson
1216538,Mumbai Indians,Sunrisers Hyderabad,04-10-2020,NA,2020/21,103,5,10,100,1,Mumbai Indians,TA Boult
1216514,Rajasthan Royals,Royal Challengers Bangalore,03-10-2020,Abu Dhabi,2020/21,184,10,15,185,4,Royal Challengers Bangalore,YS Chahal
1216515,Delhi Capitals,Kolkata Knight Riders,03-10-2020,NA,2020/21,127,3,11,102,1,Delhi Capitals,SS Iyer
1216516,Sunrisers Hyderabad,Chennai Super Kings,02-10-2020,NA,2020/21,119,3,17,77,1,Sunrisers Hyderabad,PK Garg
1216503,Mumbai Indians,Kings XI Punjab,01-10-2020,Abu Dhabi,2020/21,101,9,15,70,0,Mumbai Indians,KA Pollard
1216504,Kolkata Knight Riders,Rajasthan Royals,30-09-2020,NA,2020/21,202,4,20,138,2,Kolkata Knight Riders,Shivam Mavi
1216532,Sunrisers Hyderabad,Delhi Capitals,29-09-2020,Abu Dhabi,2020/21,119,4,17,91,7,Sunrisers Hyderabad,Rashid Khan
1216547,Royal Challengers Bangalore,Mumbai Indians,28-09-2020,NA,2020/21,177,9,11,144,1,Royal Challengers Bangalore,AB de Villiers
1216527,Kings XI Punjab,Rajasthan Royals,27-09-2020,NA,2020/21,177,3,7,180,1,Rajasthan Royals,SV Samson
1216545,Sunrisers Hyderabad,Kolkata Knight Riders,26-09-2020,Abu Dhabi,2020/21,172,10,11,176,10,Kolkata Knight Riders,Shubman Gill
1216539,Delhi Capitals,Chennai Super Kings,25-09-2020,NA,2020/21,119,3,7,69,3,Delhi Capitals,PP Shaw
1216510,Kings XI Punjab,Royal Challengers Bangalore,24-09-2020,NA,2020/21,212,3,17,165,8,Kings XI Punjab,KL Rahul
1216508,Mumbai Indians,Kolkata Knight Riders,23-09-2020,Abu Dhabi,2020/21,130,3,18,69,5,Mumbai Indians,RG Sharma
1216496,Rajasthan Royals,Chennai Super Kings,22-09-2020,NA,2020/21,135,8,11,120,6,Rajasthan Royals,SV Samson
1216534,Royal Challengers Bangalore,Sunrisers Hyderabad,21-09-2020,NA,2020/21,132,0,20,70,10,Royal Challengers Bangalore,YS Chahal
1216493,Delhi Capitals,Kings XI Punjab,20-09-2020,NA,2020/21,203,10,14,138,0,Delhi Capitals,MP Stoinis
1216492,Mumbai Indians,Chennai Super Kings,19-09-2020,Abu Dhabi,2020/21,115,6,16,118,10,Chennai Super Kings,AT Rayudu
1181768,Mumbai Indians,Chennai Super Kings,12-05-2019,Hyderabad,2019,149,1,10,85,10,Mumbai Indians,JJ Bumrah
1181767,Delhi Capitals,Chennai Super Kings,10-05-2019,Visakhapatnam,2019,159,2,15,162,3,Chennai Super Kings,F du Plessis
1181766,Sunrisers Hyderabad,Delhi Capitals,08-05-2019,Visakhapatnam,2019,113,2,19,116,0,Delhi Capitals,RR Pant
1181764,Chennai Super Kings,Mumbai Indians,07-05-2019,Chennai,2019,87,6,16,90,2,Mumbai Indians,SA Yadav
1178430,Chennai Super Kings,Kings XI Punjab,05-05-2019,Chandigarh,2019,152,1,15,155,4,Kings XI Punjab,KL Rahul
1178431,Kolkata Knight Riders,Mumbai Indians,05-05-2019,Mumbai,2019,126,7,14,129,4,Mumbai Indians,HH Pandya
1178429,Sunrisers Hyderabad,Royal Challengers Bangalore,04-05-2019,Bengaluru,2019,78,0,14,83,8,Royal Challengers Bangalore,SO Hetmyer
1178428,Rajasthan Royals,Delhi Capitals,04-05-2019,Delhi,2019,187,9,12,188,1,Delhi Capitals,A Mishra
1178427,Kings XI Punjab,Kolkata Knight Riders,03-05-2019,Chandigarh,2019,85,5,16,89,6,Kolkata Knight Riders,Shubman Gill
1178426,Mumbai Indians,Sunrisers Hyderabad,02-05-2019,Mumbai,2019,155,8,18,87,8,Mumbai Indians,JJ Bumrah
1178425,Chennai Super Kings,Delhi Capitals,01-05-2019,Chennai,2019,120,5,11,83,5,Chennai Super Kings,MS Dhoni
1178424,Royal Challengers Bangalore,Rajasthan Royals,30-04-2019,Bengaluru,2019,179,4,9,181,8,NA,NA
1178423,Sunrisers Hyderabad,Kings XI Punjab,29-04-2019,Hyderabad,2019,113,8,10,76,8,Sunrisers Hyderabad,DA Warner
1178422,Kolkata Knight Riders,Mumbai Indians,28-04-2019,Kolkata,2019,92,8,15,77,0,Kolkata Knight Riders,AD Russell
1178421,Delhi Capitals,Royal Challengers Bangalore,28-04-2019,Delhi,2019,143,0,16,106,4,Delhi Capitals,S Dhawan
1178420,Sunrisers Hyderabad,Rajasthan Royals,27-04-2019,Jaipur,2019,192,1,17,196,1,Rajasthan Royals,JD Unadkat
1178419,Mumbai Indians,Chennai Super Kings,26-04-2019,Chennai,2019,209,1,18,88,0,Mumbai Indians,RG Sharma
1178418,Kolkata Knight Riders,Rajasthan Royals,25-04-2019,Kolkata,2019,199,7,11,201,10,Rajasthan Royals,VR Aaron
1178417,Royal Challengers Bangalore,Kings XI Punjab,24-04-2019,Bengaluru,2019,90,8,17,73,0,Royal Challengers Bangalore,AB de Villiers
1178416,Sunrisers Hyderabad,Chennai Super Kings,23-04-2019,Chennai,2019,78,7,12,81,9,Chennai Super Kings,SR Watson
1178415,Rajasthan Royals,Delhi Capitals,22-04-2019,Jaipur,2019,74,4,20,77,4,Delhi Capitals,RR Pant
1178413,Kolkata Knight Riders,Sunrisers Hyderabad,21-04-2019,Hyderabad,2019,101,9,10,104,2,Sunrisers Hyderabad,KK Ahmed
1178414,Royal Challengers Bangalore,Chennai Super Kings,21-04-2019,Bengaluru,2019,121,4,10,112,6,Royal Challengers Bangalore,PA Patel
1178412,Kings XI Punjab,Delhi Capitals,20-04-2019,Delhi,2019,108,2,19,109,4,Delhi Capitals,SS Iyer
1178411,Mumbai Indians,Rajasthan Royals,20-04-2019,Jaipur,2019,122,8,14,123,10,Rajasthan Royals,SPD Smith
1178410,Royal Challengers Bangalore,Kolkata Knight Riders,19-04-2019,Kolkata,2019,143,6,9,106,0,Royal Challengers Bangalore,V Kohli
1178409,Mumbai Indians,Delhi Capitals,18-04-2019,Delhi,2019,213,1,12,103,6,Mumbai Indians,HH Pandya
1178408,Chennai Super Kings,Sunrisers Hyderabad,17-04-2019,Hyderabad,2019,127,10,10,130,4,Sunrisers Hyderabad,DA Warner
1178407,Kings XI Punjab,Rajasthan Royals,16-04-2019,Chandigarh,2019,78,6,12,76,8,Kings XI Punjab,R Ashwin
1178406,Royal Challengers Bangalore,Mumbai Indians,15-04-2019,Mumbai,2019,128,0,11,132,7,Mumbai Indians,SL Malinga
1178404,Kolkata Knight Riders,Chennai Super Kings,14-04-2019,Kolkata,2019,75,9,12,80,8,Chennai Super Kings,Imran Tahir
1178405,Delhi Capitals,Sunrisers Hyderabad,14-04-2019,Hyderabad,2019,74,9,15,72,3,Delhi Capitals,KMA Paul
1178402,Mumbai Indians,Rajasthan Royals,13-04-2019,Mumbai,2019,85,0,8,89,8,Rajasthan Royals,JC Buttler
1178403,Kings XI Punjab,Royal Challengers Bangalore,13-04-2019,Chandigarh,2019,78,7,9,83,1,Royal Challengers Bangalore,AB de Villiers
1178401,Kolkata Knight Riders,Delhi Capitals,12-04-2019,Kolkata,2019,151,10,12,156,3,Delhi Capitals,S Dhawan
1178400,Rajasthan Royals,Chennai Super Kings,11-04-2019,Jaipur,2019,180,4,12,184,3,Chennai Super Kings,MS Dhoni
1178399,Kings XI Punjab,Mumbai Indians,10-04-2019,Mumbai,2019,102,7,8,103,1,Mumbai Indians,KA Pollard
1178398,Kolkata Knight Riders,Chennai Super Kings,09-04-2019,Chennai,2019,82,9,7,87,6,Chennai Super Kings,DL Chahar
1178397,Sunrisers Hyderabad,Kings XI Punjab,08-04-2019,Chandigarh,2019,102,4,20,105,8,Kings XI Punjab,KL Rahul
1178396,Rajasthan Royals,Kolkata Knight Riders,07-04-2019,Jaipur,2019,198,10,11,199,2,Kolkata Knight Riders,HF Gurney
1178395,Royal Challengers Bangalore,Delhi Capitals,07-04-2019,Bengaluru,2019,199,9,13,204,7,Delhi Capitals,K Rabada
1178394,Mumbai Indians,Sunrisers Hyderabad,06-04-2019,Hyderabad,2019,182,7,13,74,0,Mumbai Indians,AS Joseph
1178393,Chennai Super Kings,Kings XI Punjab,06-04-2019,Chennai,2019,213,2,10,132,7,Chennai Super Kings,Harbhajan Singh
1175372,Royal Challengers Bangalore,Kolkata Knight Riders,05-04-2019,Bengaluru,2019,181,6,18,182,7,Kolkata Knight Riders,AD Russell
1175371,Delhi Capitals,Sunrisers Hyderabad,04-04-2019,Delhi,2019,82,0,14,86,8,Sunrisers Hyderabad,JM Bairstow
1175370,Mumbai Indians,Chennai Super Kings,03-04-2019,Mumbai,2019,201,3,20,84,2,Mumbai Indians,HH Pandya
1175369,Royal Challengers Bangalore,Rajasthan Royals,02-04-2019,Jaipur,2019,208,7,13,212,3,Rajasthan Royals,S Gopal
1175368,Kings XI Punjab,Delhi Capitals,01-04-2019,Chandigarh,2019,136,5,12,87,3,Kings XI Punjab,SM Curran
1175366,Sunrisers Hyderabad,Royal Challengers Bangalore,31-03-2019,Hyderabad,2019,152,1,16,77,0,Sunrisers Hyderabad,JM Bairstow
1175367,Chennai Super Kings,Rajasthan Royals,31-03-2019,Chennai,2019,128,2,15,79,7,Chennai Super Kings,MS Dhoni
1175365,Kolkata Knight Riders,Delhi Capitals,30-03-2019,Delhi,2019,191,5,8,192,0,Delhi Capitals,PP Shaw
1175364,Mumbai Indians,Kings XI Punjab,30-03-2019,Chandigarh,2019,195,8,11,199,0,Kings XI Punjab,MA Agarwal
1175363,Rajasthan Royals,Sunrisers Hyderabad,29-03-2019,Hyderabad,2019,173,10,18,175,0,Sunrisers Hyderabad,Rashid Khan
1175362,Mumbai Indians,Royal Challengers Bangalore,28-03-2019,Bengaluru,2019,197,9,20,147,0,Mumbai Indians,JJ Bumrah
1175361,Kolkata Knight Riders,Kings XI Punjab,27-03-2019,Kolkata,2019,213,7,14,134,9,Kolkata Knight Riders,AD Russell
1175360,Delhi Capitals,Chennai Super Kings,26-03-2019,Delhi,2019,215,0,20,217,4,Chennai Super Kings,SR Watson
1175359,Kings XI Punjab,Rajasthan Royals,25-03-2019,Jaipur,2019,138,0,7,107,2,Kings XI Punjab,CH Gayle
1175358,Delhi Capitals,Mumbai Indians,24-03-2019,Mumbai,2019,206,0,13,109,9,Delhi Capitals,RR Pant
1175357,Sunrisers Hyderabad,Kolkata Knight Riders,24-03-2019,Kolkata,2019,76,3,18,78,1,Kolkata Knight Riders,AD Russell
1175356,Royal Challengers Bangalore,Chennai Super Kings,23-03-2019,Chennai,2019,191,10,8,192,8,Chennai Super Kings,Harbhajan Singh
1136620,Sunrisers Hyderabad,Chennai Super Kings,27-05-2018,Mumbai,2018,183,9,10,187,6,Chennai Super Kings,SR Watson
1136619,Sunrisers Hyderabad,Kolkata Knight Riders,25-05-2018,Kolkata,2018,89,5,14,84,2,Sunrisers Hyderabad,Rashid Khan
1136618,Kolkata Knight Riders,Rajasthan Royals,23-05-2018,Kolkata,2018,157,9,16,87,4,Kolkata Knight Riders,AD Russell
1136617,Sunrisers Hyderabad,Chennai Super Kings,22-05-2018,Mumbai,2018,217,4,13,220,6,Chennai Super Kings,F du Plessis
1136616,Kings XI Punjab,Chennai Super Kings,20-05-2018,Pune,2018,110,9,8,111,2,Chennai Super Kings,L Ngidi
1136615,Delhi Daredevils,Mumbai Indians,20-05-2018,Delhi,2018,206,3,7,104,7,Delhi Daredevils,A Mishra
1136614,Sunrisers Hyderabad,Kolkata Knight Riders,19-05-2018,Hyderabad,2018,134,4,19,135,3,Kolkata Knight Riders,CA Lynn
1136613,Rajasthan Royals,Royal Challengers Bangalore,19-05-2018,Jaipur,2018,205,0,9,115,7,Rajasthan Royals,S Gopal
1136612,Delhi Daredevils,Chennai Super Kings,18-05-2018,Delhi,2018,70,4,14,66,0,Delhi Daredevils,HV Patel
1136611,Royal Challengers Bangalore,Sunrisers Hyderabad,17-05-2018,Bengaluru,2018,135,6,7,101,2,Royal Challengers Bangalore,AB de Villiers
1136610,Mumbai Indians,Kings XI Punjab,16-05-2018,Mumbai,2018,77,10,10,72,2,Mumbai Indians,JJ Bumrah
1136609,Rajasthan Royals,Kolkata Knight Riders,15-05-2018,Kolkata,2018,75,5,14,78,4,Kolkata Knight Riders,Kuldeep Yadav
1136608,Kings XI Punjab,Royal Challengers Bangalore,14-05-2018,Indore,2018,179,3,16,184,7,Royal Challengers Bangalore,UT Yadav
1136607,Mumbai Indians,Rajasthan Royals,13-05-2018,Mumbai,2018,102,7,8,104,5,Rajasthan Royals,JC Buttler
1136606,Sunrisers Hyderabad,Chennai Super Kings,13-05-2018,Pune,2018,146,5,12,151,7,Chennai Super Kings,AT Rayudu
1136605,Delhi Daredevils,Royal Challengers Bangalore,12-05-2018,Delhi,2018,204,10,12,206,5,Royal Challengers Bangalore,AB de Villiers
1136604,Kolkata Knight Riders,Kings XI Punjab,12-05-2018,Indore,2018,71,10,16,67,10,Kolkata Knight Riders,SP Narine
1136603,Chennai Super Kings,Rajasthan Royals,11-05-2018,Jaipur,2018,177,10,14,182,0,Rajasthan Royals,JC Buttler
1136602,Delhi Daredevils,Sunrisers Hyderabad,10-05-2018,Delhi,2018,155,8,19,157,8,Sunrisers Hyderabad,S Dhawan
1136601,Mumbai Indians,Kolkata Knight Riders,09-05-2018,Kolkata,2018,176,10,19,75,0,Mumbai Indians,Ishan Kishan
1136600,Rajasthan Royals,Kings XI Punjab,08-05-2018,Jaipur,2018,139,8,17,86,5,Rajasthan Royals,JC Buttler
1136599,Sunrisers Hyderabad,Royal Challengers Bangalore,07-05-2018,Hyderabad,2018,166,0,17,121,7,Sunrisers Hyderabad,KS Williamson
1136598,Rajasthan Royals,Kings XI Punjab,06-05-2018,Indore,2018,168,10,13,169,3,Kings XI Punjab,Mujeeb Ur Rahman
1136597,Mumbai Indians,Kolkata Knight Riders,06-05-2018,Mumbai,2018,213,2,10,151,10,Mumbai Indians,HH Pandya
1136596,Delhi Daredevils,Sunrisers Hyderabad,05-05-2018,Hyderabad,2018,154,6,16,158,9,Sunrisers Hyderabad,Rashid Khan
1136595,Royal Challengers Bangalore,Chennai Super Kings,05-05-2018,Pune,2018,82,2,16,85,3,Chennai Super Kings,RA Jadeja
1136594,Kings XI Punjab,Mumbai Indians,04-05-2018,Indore,2018,192,10,15,197,8,Mumbai Indians,SA Yadav
1136593,Chennai Super Kings,Kolkata Knight Riders,03-05-2018,Kolkata,2018,186,10,10,189,0,Kolkata Knight Riders,SP Narine
1136592,Delhi Daredevils,Rajasthan Royals,02-05-2018,Delhi,2018,92,5,18,89,1,Delhi Daredevils,RR Pant
1136591,Royal Challengers Bangalore,Mumbai Indians,01-05-2018,Bengaluru,2018,105,6,17,104,3,Royal Challengers Bangalore,TG Southee
1136590,Chennai Super Kings,Delhi Daredevils,30-04-2018,Pune,2018,140,8,19,109,6,Chennai Super Kings,SR Watson
1136588,Sunrisers Hyderabad,Rajasthan Royals,29-04-2018,Jaipur,2018,103,8,15,82,8,Sunrisers Hyderabad,KS Williamson
1136589,Royal Challengers Bangalore,Kolkata Knight Riders,29-04-2018,Bengaluru,2018,172,10,12,173,5,Kolkata Knight Riders,CA Lynn
1136587,Chennai Super Kings,Mumbai Indians,28-04-2018,Pune,2018,163,5,17,166,3,Mumbai Indians,RG Sharma
1136586,Delhi Daredevils,Kolkata Knight Riders,27-04-2018,Delhi,2018,212,10,10,183,5,Delhi Daredevils,SS Iyer
1136585,Sunrisers Hyderabad,Kings XI Punjab,26-04-2018,Hyderabad,2018,172,5,10,70,0,Sunrisers Hyderabad,AS Rajpoot
1136584,Royal Challengers Bangalore,Chennai Super Kings,25-04-2018,Bengaluru,2018,97,5,8,100,4,Chennai Super Kings,MS Dhoni
1136583,Sunrisers Hyderabad,Mumbai Indians,24-04-2018,Mumbai,2018,200,8,14,100,8,Sunrisers Hyderabad,Rashid Khan
1136582,Kings XI Punjab,Delhi Daredevils,23-04-2018,Delhi,2018,165,9,9,91,7,Kings XI Punjab,AS Rajpoot
1136581,Mumbai Indians,Rajasthan Royals,22-04-2018,Jaipur,2018,108,9,18,110,8,Rajasthan Royals,JC Archer
1136580,Chennai Super Kings,Sunrisers Hyderabad,22-04-2018,Hyderabad,2018,156,10,17,97,3,Chennai Super Kings,AT Rayudu
1136579,Delhi Daredevils,Royal Challengers Bangalore,21-04-2018,Bengaluru,2018,201,9,11,204,6,Royal Challengers Bangalore,AB de Villiers
1136578,Kolkata Knight Riders,Kings XI Punjab,21-04-2018,Kolkata,2018,186,10,15,190,6,Kings XI Punjab,KL Rahul
1136577,Chennai Super Kings,Rajasthan Royals,20-04-2018,Pune,2018,177,0,9,144,0,Chennai Super Kings,SR Watson
1136576,Kings XI Punjab,Sunrisers Hyderabad,19-04-2018,Chandigarh,2018,125,0,13,106,7,Kings XI Punjab,CH Gayle
1136575,Rajasthan Royals,Kolkata Knight Riders,18-04-2018,Jaipur,2018,198,6,18,203,6,Kolkata Knight Riders,N Rana
1136574,Mumbai Indians,Royal Challengers Bangalore,17-04-2018,Mumbai,2018,218,6,11,100,3,Mumbai Indians,RG Sharma
1136573,Kolkata Knight Riders,Delhi Daredevils,16-04-2018,Kolkata,2018,70,0,16,67,10,Kolkata Knight Riders,N Rana
1136572,Kings XI Punjab,Chennai Super Kings,15-04-2018,Chandigarh,2018,106,7,18,87,1,Kings XI Punjab,CH Gayle
1136571,Rajasthan Royals,Royal Challengers Bangalore,15-04-2018,Bengaluru,2018,71,6,12,70,3,Rajasthan Royals,SV Samson
1136570,Kolkata Knight Riders,Sunrisers Hyderabad,14-04-2018,Kolkata,2018,168,0,20,173,9,Sunrisers Hyderabad,B Stanlake
1136569,Mumbai Indians,Delhi Daredevils,14-04-2018,Mumbai,2018,117,6,11,122,2,Delhi Daredevils,JJ Roy
1136568,Kings XI Punjab,Royal Challengers Bangalore,13-04-2018,Bengaluru,2018,134,7,16,137,2,Royal Challengers Bangalore,UT Yadav
1136567,Mumbai Indians,Sunrisers Hyderabad,12-04-2018,Hyderabad,2018,218,7,13,221,7,Sunrisers Hyderabad,Rashid Khan
1136566,Rajasthan Royals,Delhi Daredevils,11-04-2018,Jaipur,2018,149,2,10,98,10,Rajasthan Royals,SV Samson
1136565,Kolkata Knight Riders,Chennai Super Kings,10-04-2018,Chennai,2018,188,3,7,191,0,Chennai Super Kings,SW Billings
1136564,Rajasthan Royals,Sunrisers Hyderabad,09-04-2018,Hyderabad,2018,162,10,18,166,1,Sunrisers Hyderabad,S Dhawan
1136562,Delhi Daredevils,Kings XI Punjab,08-04-2018,Chandigarh,2018,214,4,19,216,2,Kings XI Punjab,KL Rahul
1136563,Royal Challengers Bangalore,Kolkata Knight Riders,08-04-2018,Kolkata,2018,85,6,15,88,0,Kolkata Knight Riders,SP Narine
1136561,Mumbai Indians,Chennai Super Kings,07-04-2018,Mumbai,2018,155,0,9,158,2,Chennai Super Kings,DJ Bravo
1082650,Mumbai Indians,Rising Pune Supergiant,21-05-2017,Hyderabad,2017,109,10,17,83,7,Mumbai Indians,KH Pandya
1082649,Mumbai Indians,Kolkata Knight Riders,19-05-2017,Bangalore,2017,97,9,16,79,10,Mumbai Indians,KV Sharma
1082648,Sunrisers Hyderabad,Kolkata Knight Riders,17-05-2017,Bangalore,2017,130,0,14,131,7,Kolkata Knight Riders,NM Coulter-Nile
1082647,Mumbai Indians,Rising Pune Supergiant,16-05-2017,Mumbai,2017,141,5,13,142,7,Rising Pune Supergiant,Washington Sundar
1082646,Delhi Daredevils,Royal Challengers Bangalore,14-05-2017,Delhi,2017,114,4,10,117,9,Royal Challengers Bangalore,HV Patel
1082645,Rising Pune Supergiant,Kings XI Punjab,14-05-2017,Pune,2017,81,6,19,77,4,Rising Pune Supergiant,JD Unadkat
1082644,Kolkata Knight Riders,Mumbai Indians,13-05-2017,Kolkata,2017,110,9,12,114,5,Mumbai Indians,AT Rayudu
1082643,Gujarat Lions,Sunrisers Hyderabad,13-05-2017,Kanpur,2017,192,6,15,196,1,Sunrisers Hyderabad,Mohammed Siraj
1082642,Delhi Daredevils,Rising Pune Supergiant,12-05-2017,Delhi,2017,110,2,15,73,4,Delhi Daredevils,KK Nair
1082641,Mumbai Indians,Kings XI Punjab,11-05-2017,Mumbai,2017,154,5,14,159,6,Kings XI Punjab,WP Saha
1082640,Gujarat Lions,Delhi Daredevils,10-05-2017,Kanpur,2017,107,1,11,112,1,Delhi Daredevils,SS Iyer
1082639,Kings XI Punjab,Kolkata Knight Riders,09-05-2017,Chandigarh,2017,209,8,14,113,8,Kings XI Punjab,MM Sharma
1082638,Sunrisers Hyderabad,Mumbai Indians,08-05-2017,Hyderabad,2017,116,8,10,72,0,Sunrisers Hyderabad,S Dhawan
1082636,Royal Challengers Bangalore,Kolkata Knight Riders,07-05-2017,Bangalore,2017,80,8,7,83,6,Kolkata Knight Riders,SP Narine
1082637,Kings XI Punjab,Gujarat Lions,07-05-2017,Chandigarh,2017,188,4,10,190,5,Gujarat Lions,DR Smith
1082635,Delhi Daredevils,Mumbai Indians,06-05-2017,Delhi,2017,198,5,12,202,7,Mumbai Indians,LMP Simmons
1082634,Sunrisers Hyderabad,Rising Pune Supergiant,06-05-2017,Hyderabad,2017,102,6,7,103,2,Rising Pune Supergiant,JD Unadkat
1082633,Royal Challengers Bangalore,Kings XI Punjab,05-05-2017,Bangalore,2017,192,9,12,193,9,Kings XI Punjab,Sandeep Sharma
1082632,Delhi Daredevils,Gujarat Lions,04-05-2017,Delhi,2017,138,7,19,90,10,Delhi Daredevils,RR Pant
1082631,Kolkata Knight Riders,Rising Pune Supergiant,03-05-2017,Kolkata,2017,114,4,11,118,0,Rising Pune Supergiant,RA Tripathi
1082630,Delhi Daredevils,Sunrisers Hyderabad,02-05-2017,Delhi,2017,149,7,7,104,5,Delhi Daredevils,Mohammed Shami
1082629,Rising Pune Supergiant,Gujarat Lions,01-05-2017,Pune,2017,120,5,16,69,1,Rising Pune Supergiant,BA Stokes
1082628,Mumbai Indians,Royal Challengers Bangalore,01-05-2017,Mumbai,2017,165,4,10,107,7,Mumbai Indians,RG Sharma
1082627,Sunrisers Hyderabad,Kolkata Knight Riders,30-04-2017,Hyderabad,2017,101,9,17,99,9,Sunrisers Hyderabad,DA Warner
1082626,Kings XI Punjab,Delhi Daredevils,30-04-2017,Chandigarh,2017,129,5,9,70,0,Kings XI Punjab,Sandeep Sharma
1082625,Gujarat Lions,Mumbai Indians,29-04-2017,Rajkot,2017,214,7,7,218,4,Mumbai Indians,KH Pandya
1082624,Rising Pune Supergiant,Royal Challengers Bangalore,29-04-2017,Pune,2017,88,2,18,87,2,Rising Pune Supergiant,LH Ferguson
1082622,Kolkata Knight Riders,Delhi Daredevils,28-04-2017,Kolkata,2017,189,0,19,127,10,Kolkata Knight Riders,G Gambhir
1082623,Kings XI Punjab,Sunrisers Hyderabad,28-04-2017,Chandigarh,2017,157,1,13,159,10,Sunrisers Hyderabad,Rashid Khan
1082621,Royal Challengers Bangalore,Gujarat Lions,27-04-2017,Bangalore,2017,188,8,9,189,9,Gujarat Lions,AJ Tye
1082620,Rising Pune Supergiant,Kolkata Knight Riders,26-04-2017,Pune,2017,212,4,11,213,2,Kolkata Knight Riders,RV Uthappa
1082618,Mumbai Indians,Rising Pune Supergiant,24-04-2017,Mumbai,2017,134,3,14,139,6,Rising Pune Supergiant,BA Stokes
1082617,Kolkata Knight Riders,Royal Challengers Bangalore,23-04-2017,Kolkata,2017,85,0,18,72,1,Kolkata Knight Riders,NM Coulter-Nile
1082616,Gujarat Lions,Kings XI Punjab,23-04-2017,Rajkot,2017,72,10,19,74,7,Kings XI Punjab,HM Amla
1082615,Rising Pune Supergiant,Sunrisers Hyderabad,22-04-2017,Pune,2017,185,9,18,82,4,Rising Pune Supergiant,MS Dhoni
1082614,Mumbai Indians,Delhi Daredevils,22-04-2017,Mumbai,2017,218,7,13,189,7,Mumbai Indians,MJ McClenaghan
1082613,Kolkata Knight Riders,Gujarat Lions,21-04-2017,Kolkata,2017,136,6,9,141,6,Gujarat Lions,SK Raina
1082612,Kings XI Punjab,Mumbai Indians,20-04-2017,Indore,2017,217,5,8,222,3,Mumbai Indians,JC Buttler
1082611,Sunrisers Hyderabad,Delhi Daredevils,19-04-2017,Hyderabad,2017,70,4,20,69,8,Sunrisers Hyderabad,KS Williamson
1082610,Gujarat Lions,Royal Challengers Bangalore,18-04-2017,Rajkot,2017,133,4,19,138,1,Royal Challengers Bangalore,CH Gayle
1082608,Delhi Daredevils,Kolkata Knight Riders,17-04-2017,Delhi,2017,167,5,13,171,10,Kolkata Knight Riders,NM Coulter-Nile
1082609,Sunrisers Hyderabad,Kings XI Punjab,17-04-2017,Hyderabad,2017,90,8,17,70,10,Sunrisers Hyderabad,B Kumar
1082607,Royal Challengers Bangalore,Rising Pune Supergiant,16-04-2017,Bangalore,2017,99,2,15,100,5,Rising Pune Supergiant,BA Stokes
1082606,Mumbai Indians,Gujarat Lions,16-04-2017,Mumbai,2017,191,9,19,116,5,Mumbai Indians,N Rana
1082605,Delhi Daredevils,Kings XI Punjab,15-04-2017,Delhi,2017,72,8,15,71,7,Delhi Daredevils,CJ Anderson
1082604,Kolkata Knight Riders,Sunrisers Hyderabad,15-04-2017,Kolkata,2017,78,1,13,75,6,Kolkata Knight Riders,RV Uthappa
1082603,Gujarat Lions,Rising Pune Supergiant,14-04-2017,Rajkot,2017,189,9,14,108,9,Gujarat Lions,AJ Tye
1082602,Royal Challengers Bangalore,Mumbai Indians,14-04-2017,Bangalore,2017,107,2,16,112,8,Mumbai Indians,KA Pollard
1082601,Kolkata Knight Riders,Kings XI Punjab,13-04-2017,Kolkata,2017,141,2,16,78,9,Kolkata Knight Riders,SP Narine
1082600,Mumbai Indians,Sunrisers Hyderabad,12-04-2017,Mumbai,2017,102,2,8,100,2,Mumbai Indians,JJ Bumrah
1082599,Rising Pune Supergiant,Delhi Daredevils,11-04-2017,Pune,2017,218,1,20,220,2,Delhi Daredevils,SV Samson
1082598,Kings XI Punjab,Royal Challengers Bangalore,10-04-2017,Indore,2017,180,9,18,146,10,Kings XI Punjab,AR Patel
1082597,Mumbai Indians,Kolkata Knight Riders,09-04-2017,Mumbai,2017,134,3,9,111,6,Mumbai Indians,N Rana
1082596,Sunrisers Hyderabad,Gujarat Lions,09-04-2017,Hyderabad,2017,175,6,18,76,10,Sunrisers Hyderabad,Rashid Khan
1082595,Royal Challengers Bangalore,Delhi Daredevils,08-04-2017,Bengaluru,2017,212,5,13,146,5,Royal Challengers Bangalore,KM Jadhav
1082594,Kings XI Punjab,Rising Pune Supergiant,08-04-2017,Indore,2017,206,7,20,188,8,Kings XI Punjab,GJ Maxwell
1082593,Gujarat Lions,Kolkata Knight Riders,07-04-2017,Rajkot,2017,76,5,12,80,6,Kolkata Knight Riders,CA Lynn
1082592,Rising Pune Supergiant,Mumbai Indians,06-04-2017,Pune,2017,74,9,16,73,4,Rising Pune Supergiant,SPD Smith
1082591,Sunrisers Hyderabad,Royal Challengers Bangalore,05-04-2017,Hyderabad,2017,143,6,9,82,8,Sunrisers Hyderabad,Yuvraj Singh
981019,Royal Challengers Bangalore,Sunrisers Hyderabad,29-05-2016,Bangalore,2016,208,3,15,211,10,Sunrisers Hyderabad,BCJ Cutting
981017,Gujarat Lions,Sunrisers Hyderabad,27-05-2016,Delhi,2016,191,5,16,196,7,Sunrisers Hyderabad,DA Warner
981015,Sunrisers Hyderabad,Kolkata Knight Riders,25-05-2016,Delhi,2016,133,5,13,89,2,Sunrisers Hyderabad,MC Henriques
981013,Gujarat Lions,Royal Challengers Bangalore,24-05-2016,Bangalore,2016,185,3,11,186,2,Royal Challengers Bangalore,AB de Villiers
981011,Delhi Daredevils,Royal Challengers Bangalore,22-05-2016,Raipur,2016,71,7,19,75,0,Royal Challengers Bangalore,V Kohli
981009,Kolkata Knight Riders,Sunrisers Hyderabad,22-05-2016,Kolkata,2016,152,7,17,78,2,Kolkata Knight Riders,YK Pathan
981007,Gujarat Lions,Mumbai Indians,21-05-2016,Kanpur,2016,134,9,11,69,4,Gujarat Lions,SK Raina
981005,Rising Pune Supergiants,Kings XI Punjab,21-05-2016,Visakhapatnam,2016,121,8,9,82,1,Rising Pune Supergiants,MS Dhoni
981003,Delhi Daredevils,Sunrisers Hyderabad,20-05-2016,Raipur,2016,96,0,20,88,5,Delhi Daredevils,KK Nair
981001,Gujarat Lions,Kolkata Knight Riders,19-05-2016,Kanpur,2016,182,0,16,83,5,Gujarat Lions,DR Smith
980999,Royal Challengers Bangalore,Kings XI Punjab,18-05-2016,Bangalore,2016,144,9,14,97,10,Royal Challengers Bangalore,V Kohli
980997,Rising Pune Supergiants,Delhi Daredevils,17-05-2016,Visakhapatnam,2016,193,4,16,161,5,Rising Pune Supergiants,AB Dinda
980995,Kolkata Knight Riders,Royal Challengers Bangalore,16-05-2016,Kolkata,2016,128,0,17,131,9,Royal Challengers Bangalore,V Kohli
980991,Kings XI Punjab,Sunrisers Hyderabad,15-05-2016,Chandigarh,2016,181,5,19,183,4,Sunrisers Hyderabad,HM Amla
980993,Mumbai Indians,Delhi Daredevils,15-05-2016,Visakhapatnam,2016,87,6,11,83,4,Mumbai Indians,KH Pandya
980987,Royal Challengers Bangalore,Gujarat Lions,14-05-2016,Bangalore,2016,199,10,11,171,9,Royal Challengers Bangalore,AB de Villiers
980989,Kolkata Knight Riders,Rising Pune Supergiants,14-05-2016,Kolkata,2016,80,6,15,75,7,Kolkata Knight Riders,YK Pathan
980985,Mumbai Indians,Kings XI Punjab,13-05-2016,Visakhapatnam,2016,194,8,19,199,10,Kings XI Punjab,MP Stoinis
980983,Sunrisers Hyderabad,Delhi Daredevils,12-05-2016,Hyderabad,2016,161,0,19,164,0,Delhi Daredevils,CH Morris
980981,Royal Challengers Bangalore,Mumbai Indians,11-05-2016,Bangalore,2016,116,3,18,118,7,Mumbai Indians,KH Pandya
980979,Rising Pune Supergiants,Sunrisers Hyderabad,10-05-2016,Visakhapatnam,2016,81,4,10,82,8,Sunrisers Hyderabad,A Zampa
980977,Kings XI Punjab,Royal Challengers Bangalore,09-05-2016,Chandigarh,2016,114,10,19,118,0,Royal Challengers Bangalore,SR Watson
980975,Kolkata Knight Riders,Gujarat Lions,08-05-2016,Kolkata,2016,79,3,13,84,1,Gujarat Lions,P Kumar
980973,Mumbai Indians,Sunrisers Hyderabad,08-05-2016,Visakhapatnam,2016,204,6,19,209,3,Sunrisers Hyderabad,A Nehra
980971,Kings XI Punjab,Delhi Daredevils,07-05-2016,Chandigarh,2016,161,1,18,119,2,Kings XI Punjab,MP Stoinis
980969,Royal Challengers Bangalore,Rising Pune Supergiants,07-05-2016,Bangalore,2016,188,0,12,129,0,Royal Challengers Bangalore,V Kohli
980967,Sunrisers Hyderabad,Gujarat Lions,06-05-2016,Hyderabad,2016,74,6,13,72,2,Sunrisers Hyderabad,B Kumar
980965,Delhi Daredevils,Rising Pune Supergiants,05-05-2016,Delhi,2016,74,7,19,75,5,Rising Pune Supergiants,AM Rahane
980963,Kolkata Knight Riders,Kings XI Punjab,04-05-2016,Kolkata,2016,87,0,7,85,7,Kolkata Knight Riders,AD Russell
980961,Gujarat Lions,Delhi Daredevils,03-05-2016,Rajkot,2016,147,3,10,148,1,Delhi Daredevils,RR Pant
980959,Royal Challengers Bangalore,Kolkata Knight Riders,02-05-2016,Bangalore,2016,155,7,13,158,2,Kolkata Knight Riders,AD Russell
980955,Gujarat Lions,Kings XI Punjab,01-05-2016,Rajkot,2016,196,9,14,201,8,Kings XI Punjab,AR Patel
980957,Rising Pune Supergiants,Mumbai Indians,01-05-2016,Pune,2016,107,6,20,108,8,Mumbai Indians,RG Sharma
980951,Delhi Daredevils,Kolkata Knight Riders,30-04-2016,Delhi,2016,110,6,16,76,10,Delhi Daredevils,CR Brathwaite
980953,Sunrisers Hyderabad,Royal Challengers Bangalore,30-04-2016,Hyderabad,2016,182,8,20,92,3,Sunrisers Hyderabad,DA Warner
980949,Rising Pune Supergiants,Gujarat Lions,29-04-2016,Pune,2016,194,7,8,195,5,Gujarat Lions,DR Smith
980947,Mumbai Indians,Kolkata Knight Riders,28-04-2016,Mumbai,2016,101,7,14,81,2,Mumbai Indians,RG Sharma
980945,Delhi Daredevils,Gujarat Lions,27-04-2016,Delhi,2016,126,5,18,129,6,Gujarat Lions,CH Morris
980943,Sunrisers Hyderabad,Rising Pune Supergiants,26-04-2016,Hyderabad,2016,153,7,16,154,2,Rising Pune Supergiants,AB Dinda
980941,Kings XI Punjab,Mumbai Indians,25-04-2016,Chandigarh,2016,86,4,9,88,3,Mumbai Indians,PA Patel
980939,Rising Pune Supergiants,Kolkata Knight Riders,24-04-2016,Pune,2016,90,6,18,91,2,Kolkata Knight Riders,SA Yadav
980937,Gujarat Lions,Royal Challengers Bangalore,24-04-2016,Rajkot,2016,104,0,19,103,5,Gujarat Lions,V Kohli
980935,Sunrisers Hyderabad,Kings XI Punjab,23-04-2016,Hyderabad,2016,217,9,20,103,7,Sunrisers Hyderabad,Mustafizur Rahman
980933,Delhi Daredevils,Mumbai Indians,23-04-2016,Delhi,2016,181,7,19,128,5,Delhi Daredevils,SV Samson
980931,Rising Pune Supergiants,Royal Challengers Bangalore,22-04-2016,Pune,2016,99,6,15,104,1,Royal Challengers Bangalore,AB de Villiers
980929,Gujarat Lions,Sunrisers Hyderabad,21-04-2016,Rajkot,2016,96,10,9,101,9,Sunrisers Hyderabad,B Kumar
980927,Mumbai Indians,Royal Challengers Bangalore,20-04-2016,Mumbai,2016,151,4,16,114,5,Mumbai Indians,RG Sharma
980925,Kings XI Punjab,Kolkata Knight Riders,19-04-2016,Chandigarh,2016,76,0,12,81,10,Kolkata Knight Riders,RV Uthappa
980923,Sunrisers Hyderabad,Mumbai Indians,18-04-2016,Hyderabad,2016,203,5,15,163,6,Sunrisers Hyderabad,DA Warner
980921,Royal Challengers Bangalore,Delhi Daredevils,17-04-2016,Bangalore,2016,129,8,12,131,6,Delhi Daredevils,Q de Kock
980919,Kings XI Punjab,Rising Pune Supergiants,17-04-2016,Chandigarh,2016,210,5,17,162,0,Kings XI Punjab,M Vohra
980917,Mumbai Indians,Gujarat Lions,16-04-2016,Mumbai,2016,114,6,12,119,1,Gujarat Lions,AJ Finch
980915,Sunrisers Hyderabad,Kolkata Knight Riders,16-04-2016,Hyderabad,2016,171,4,12,176,0,Kolkata Knight Riders,G Gambhir
980913,Delhi Daredevils,Kings XI Punjab,15-04-2016,Delhi,2016,103,10,19,100,0,Delhi Daredevils,A Mishra
980911,Gujarat Lions,Rising Pune Supergiants,14-04-2016,Rajkot,2016,136,7,14,84,3,Gujarat Lions,AJ Finch
980909,Kolkata Knight Riders,Mumbai Indians,13-04-2016,Kolkata,2016,101,7,11,103,10,Mumbai Indians,RG Sharma
980907,Royal Challengers Bangalore,Sunrisers Hyderabad,12-04-2016,Bangalore,2016,116,4,14,115,8,Royal Challengers Bangalore,AB de Villiers
980905,Kings XI Punjab,Gujarat Lions,11-04-2016,Chandigarh,2016,143,0,14,146,10,Gujarat Lions,AJ Finch
980903,Kolkata Knight Riders,Delhi Daredevils,10-04-2016,Kolkata,2016,198,9,12,156,5,Kolkata Knight Riders,AD Russell
980901,Mumbai Indians,Rising Pune Supergiants,09-04-2016,Mumbai,2016,153,1,13,157,7,Rising Pune Supergiants,AM Rahane
829823,Mumbai Indians,Chennai Super Kings,24-05-2015,Kolkata,2015,152,1,19,72,3,Mumbai Indians,RG Sharma
829821,Chennai Super Kings,Royal Challengers Bangalore,22-05-2015,Ranchi,2015,139,0,10,84,5,Chennai Super Kings,A Nehra
829819,Royal Challengers Bangalore,Rajasthan Royals,20-05-2015,Pune,2015,87,1,19,84,7,Royal Challengers Bangalore,AB de Villiers
829817,Chennai Super Kings,Mumbai Indians,19-05-2015,Mumbai,2015,156,1,20,161,5,Mumbai Indians,KA Pollard
829813,Royal Challengers Bangalore,Delhi Daredevils,17-05-2015,Bangalore,2015,194,8,13,196,9,NA,NA
829815,Sunrisers Hyderabad,Mumbai Indians,17-05-2015,Hyderabad,2015,203,10,17,208,6,Mumbai Indians,MJ McClenaghan
829811,Rajasthan Royals,Kolkata Knight Riders,16-05-2015,Mumbai,2015,145,5,10,79,4,Rajasthan Royals,SR Watson
829809,Kings XI Punjab,Chennai Super Kings,16-05-2015,Chandigarh,2015,75,1,9,79,10,Chennai Super Kings,P Negi
829807,Sunrisers Hyderabad,Royal Challengers Bangalore,15-05-2015,Hyderabad,2015,83,9,15,86,1,Royal Challengers Bangalore,V Kohli
829805,Mumbai Indians,Kolkata Knight Riders,14-05-2015,Mumbai,2015,198,10,19,102,8,Mumbai Indians,HH Pandya
829803,Kings XI Punjab,Royal Challengers Bangalore,13-05-2015,Chandigarh,2015,111,6,20,75,0,Kings XI Punjab,AR Patel
829801,Delhi Daredevils,Chennai Super Kings,12-05-2015,Raipur,2015,193,7,18,77,4,Delhi Daredevils,Z Khan
829799,Sunrisers Hyderabad,Kings XI Punjab,11-05-2015,Hyderabad,2015,161,4,9,79,3,Sunrisers Hyderabad,DA Warner
829797,Chennai Super Kings,Rajasthan Royals,10-05-2015,Chennai,2015,87,6,11,84,8,Chennai Super Kings,RA Jadeja
829795,Mumbai Indians,Royal Challengers Bangalore,10-05-2015,Mumbai,2015,199,1,8,202,7,Royal Challengers Bangalore,AB de Villiers
829793,Delhi Daredevils,Sunrisers Hyderabad,09-05-2015,Raipur,2015,142,4,15,146,10,Sunrisers Hyderabad,MC Henriques
829791,Kolkata Knight Riders,Kings XI Punjab,09-05-2015,Kolkata,2015,198,8,9,169,1,Kolkata Knight Riders,AD Russell
829789,Chennai Super Kings,Mumbai Indians,08-05-2015,Chennai,2015,209,5,12,213,0,Mumbai Indians,HH Pandya
829787,Rajasthan Royals,Sunrisers Hyderabad,07-05-2015,Mumbai,2015,117,9,13,120,1,Sunrisers Hyderabad,EJG Morgan
829761,Kolkata Knight Riders,Delhi Daredevils,07-05-2015,Kolkata,2015,76,0,16,74,0,Kolkata Knight Riders,PP Chawla
829785,Royal Challengers Bangalore,Kings XI Punjab,06-05-2015,Bangalore,2015,146,7,15,91,7,Royal Challengers Bangalore,CH Gayle
829783,Mumbai Indians,Delhi Daredevils,05-05-2015,Mumbai,2015,114,10,17,72,4,Mumbai Indians,Harbhajan Singh
829781,Kolkata Knight Riders,Sunrisers Hyderabad,04-05-2015,Kolkata,2015,153,5,13,69,3,Kolkata Knight Riders,UT Yadav
829779,Chennai Super Kings,Royal Challengers Bangalore,04-05-2015,Chennai,2015,89,0,7,86,8,Chennai Super Kings,SK Raina
829775,Kings XI Punjab,Mumbai Indians,03-05-2015,Chandigarh,2015,163,5,12,167,2,Mumbai Indians,LMP Simmons
829777,Rajasthan Royals,Delhi Daredevils,03-05-2015,Mumbai,2015,209,9,9,94,5,Rajasthan Royals,AM Rahane
829771,Royal Challengers Bangalore,Kolkata Knight Riders,02-05-2015,Bangalore,2015,211,4,8,160,4,Royal Challengers Bangalore,Mandeep Singh
829773,Sunrisers Hyderabad,Chennai Super Kings,02-05-2015,Hyderabad,2015,129,3,16,112,10,Sunrisers Hyderabad,DA Warner
829769,Mumbai Indians,Rajasthan Royals,01-05-2015,Mumbai,2015,139,6,13,87,1,Mumbai Indians,AT Rayudu
829767,Delhi Daredevils,Kings XI Punjab,01-05-2015,Delhi,2015,132,6,11,87,5,Delhi Daredevils,NM Coulter-Nile
829723,Kolkata Knight Riders,Chennai Super Kings,30-04-2015,Kolkata,2015,110,1,7,78,9,Kolkata Knight Riders,AD Russell
829763,Royal Challengers Bangalore,Rajasthan Royals,29-04-2015,Bangalore,2015,212,5,9,213,3,NA,NA
829765,Chennai Super Kings,Kolkata Knight Riders,28-04-2015,Chennai,2015,83,10,18,80,2,Chennai Super Kings,DJ Bravo
829759,Kings XI Punjab,Sunrisers Hyderabad,27-04-2015,Chandigarh,2015,113,7,15,115,2,Sunrisers Hyderabad,TA Boult
829757,Delhi Daredevils,Royal Challengers Bangalore,26-04-2015,Delhi,2015,197,0,13,202,4,Royal Challengers Bangalore,VR Aaron
829753,Chennai Super Kings,Kings XI Punjab,25-04-2015,Chennai,2015,150,4,10,94,4,Chennai Super Kings,BB McCullum
829751,Mumbai Indians,Sunrisers Hyderabad,25-04-2015,Mumbai,2015,201,3,16,189,0,Mumbai Indians,SL Malinga
829749,Rajasthan Royals,Royal Challengers Bangalore,24-04-2015,Ahmedabad,2015,80,7,14,81,0,Royal Challengers Bangalore,MA Starc
829747,Delhi Daredevils,Mumbai Indians,23-04-2015,Delhi,2015,111,4,10,73,4,Delhi Daredevils,SS Iyer
829743,Sunrisers Hyderabad,Kolkata Knight Riders,22-04-2015,Visakhapatnam,2015,74,5,8,70,1,Sunrisers Hyderabad,DA Warner
829745,Royal Challengers Bangalore,Chennai Super Kings,22-04-2015,Bangalore,2015,75,9,17,80,10,Chennai Super Kings,SK Raina
829741,Rajasthan Royals,Kings XI Punjab,21-04-2015,Ahmedabad,2015,149,9,17,154,7,Kings XI Punjab,SE Marsh
829739,Delhi Daredevils,Kolkata Knight Riders,20-04-2015,Delhi,2015,191,4,20,195,7,Kolkata Knight Riders,UT Yadav
829735,Rajasthan Royals,Chennai Super Kings,19-04-2015,Ahmedabad,2015,204,3,7,111,3,Rajasthan Royals,AM Rahane
829737,Royal Challengers Bangalore,Mumbai Indians,19-04-2015,Bangalore,2015,93,3,13,95,7,Mumbai Indians,Harbhajan Singh
829731,Sunrisers Hyderabad,Delhi Daredevils,18-04-2015,Visakhapatnam,2015,71,5,13,74,1,Delhi Daredevils,JP Duminy
829733,Kings XI Punjab,Kolkata Knight Riders,18-04-2015,Pune,2015,179,2,9,184,2,Kolkata Knight Riders,AD Russell
829729,Mumbai Indians,Chennai Super Kings,17-04-2015,Mumbai,2015,85,7,12,89,1,Chennai Super Kings,A Nehra
829727,Sunrisers Hyderabad,Rajasthan Royals,16-04-2015,Visakhapatnam,2015,95,8,8,100,4,Rajasthan Royals,AM Rahane
829725,Kings XI Punjab,Delhi Daredevils,15-04-2015,Pune,2015,179,4,18,184,9,Delhi Daredevils,MA Agarwal
829721,Rajasthan Royals,Mumbai Indians,14-04-2015,Ahmedabad,2015,196,10,7,175,6,Rajasthan Royals,SPD Smith
829719,Royal Challengers Bangalore,Sunrisers Hyderabad,13-04-2015,Bangalore,2015,91,0,10,92,9,Sunrisers Hyderabad,DA Warner
829717,Mumbai Indians,Kings XI Punjab,12-04-2015,Mumbai,2015,137,6,11,142,10,Kings XI Punjab,GJ Bailey
829715,Delhi Daredevils,Rajasthan Royals,12-04-2015,Delhi,2015,176,6,10,181,1,Rajasthan Royals,DJ Hooda
829713,Kolkata Knight Riders,Royal Challengers Bangalore,11-04-2015,Kolkata,2015,136,2,16,139,2,Royal Challengers Bangalore,CH Gayle
829711,Chennai Super Kings,Sunrisers Hyderabad,11-04-2015,Chennai,2015,187,2,17,86,5,Chennai Super Kings,BB McCullum
829709,Kings XI Punjab,Rajasthan Royals,10-04-2015,Pune,2015,216,4,16,219,0,Rajasthan Royals,JP Faulkner
829707,Chennai Super Kings,Delhi Daredevils,09-04-2015,Chennai,2015,91,1,14,86,10,Chennai Super Kings,A Nehra
829705,Kolkata Knight Riders,Mumbai Indians,08-04-2015,Kolkata,2015,119,3,16,72,10,Kolkata Knight Riders,M Morkel
734049,Kolkata Knight Riders,Kings XI Punjab,01-06-2014,Bangalore,2014,118,3,18,85,6,Kolkata Knight Riders,MK Pandey
734047,Chennai Super Kings,Kings XI Punjab,30-05-2014,Mumbai,2014,99,0,12,100,7,Kings XI Punjab,V Sehwag
734045,Chennai Super Kings,Mumbai Indians,28-05-2014,Mumbai,2014,175,8,17,71,5,Chennai Super Kings,SK Raina
734043,Kings XI Punjab,Kolkata Knight Riders,27-05-2014,Kolkata,2014,95,2,14,98,6,Kolkata Knight Riders,UT Yadav
734041,Mumbai Indians,Rajasthan Royals,25-05-2014,Mumbai,2014,88,5,10,72,1,Mumbai Indians,CJ Anderson
734039,Kings XI Punjab,Delhi Daredevils,25-05-2014,Chandigarh,2014,83,6,15,81,4,Kings XI Punjab,M Vohra
734035,Royal Challengers Bangalore,Chennai Super Kings,24-05-2014,Bangalore,2014,174,8,9,176,9,Chennai Super Kings,MS Dhoni
734037,Kolkata Knight Riders,Sunrisers Hyderabad,24-05-2014,Kolkata,2014,121,6,17,75,8,Kolkata Knight Riders,YK Pathan
734031,Mumbai Indians,Delhi Daredevils,23-05-2014,Mumbai,2014,155,4,17,75,10,Mumbai Indians,MEK Hussey
734033,Kings XI Punjab,Rajasthan Royals,23-05-2014,Chandigarh,2014,86,9,20,85,9,Kings XI Punjab,SE Marsh
734027,Kolkata Knight Riders,Royal Challengers Bangalore,22-05-2014,Kolkata,2014,144,10,13,99,7,Kolkata Knight Riders,RV Uthappa
734029,Chennai Super Kings,Sunrisers Hyderabad,22-05-2014,Ranchi,2014,184,3,7,187,7,Sunrisers Hyderabad,DA Warner
734025,Kings XI Punjab,Mumbai Indians,21-05-2014,Chandigarh,2014,141,2,15,144,0,Mumbai Indians,LMP Simmons
734023,Kolkata Knight Riders,Chennai Super Kings,20-05-2014,Kolkata,2014,94,5,13,93,1,Kolkata Knight Riders,RV Uthappa
734021,Sunrisers Hyderabad,Royal Challengers Bangalore,20-05-2014,Hyderabad,2014,124,2,16,72,5,Sunrisers Hyderabad,DA Warner
734019,Delhi Daredevils,Kings XI Punjab,19-05-2014,Delhi,2014,139,2,19,140,9,Kings XI Punjab,AR Patel
734017,Rajasthan Royals,Mumbai Indians,19-05-2014,Ahmedabad,2014,138,5,15,139,2,Mumbai Indians,MEK Hussey
734013,Chennai Super Kings,Royal Challengers Bangalore,18-05-2014,Ranchi,2014,164,3,20,166,2,Royal Challengers Bangalore,AB de Villiers
734015,Sunrisers Hyderabad,Kolkata Knight Riders,18-05-2014,Hyderabad,2014,101,3,16,105,7,Kolkata Knight Riders,UT Yadav
734011,Rajasthan Royals,Delhi Daredevils,15-05-2014,Ahmedabad,2014,166,7,9,152,3,Rajasthan Royals,AM Rahane
734009,Kolkata Knight Riders,Mumbai Indians,14-05-2014,Cuttack,2014,200,4,20,85,7,Kolkata Knight Riders,RV Uthappa
734007,Sunrisers Hyderabad,Kings XI Punjab,14-05-2014,Hyderabad,2014,100,10,19,103,10,Kings XI Punjab,WP Saha
734005,Royal Challengers Bangalore,Delhi Daredevils,13-05-2014,Bangalore,2014,170,7,10,121,5,Royal Challengers Bangalore,Yuvraj Singh
734003,Chennai Super Kings,Rajasthan Royals,13-05-2014,Ranchi,2014,199,9,20,158,10,Chennai Super Kings,RA Jadeja
734001,Sunrisers Hyderabad,Mumbai Indians,12-05-2014,Hyderabad,2014,101,1,17,102,8,Mumbai Indians,AT Rayudu
733997,Kings XI Punjab,Kolkata Knight Riders,11-05-2014,Cuttack,2014,76,5,7,79,9,Kolkata Knight Riders,G Gambhir
733999,Royal Challengers Bangalore,Rajasthan Royals,11-05-2014,Bangalore,2014,120,1,11,122,6,Rajasthan Royals,JP Faulkner
733995,Mumbai Indians,Chennai Super Kings,10-05-2014,Mumbai,2014,133,9,16,137,10,Chennai Super Kings,DR Smith
733993,Delhi Daredevils,Sunrisers Hyderabad,10-05-2014,Delhi,2014,109,5,13,111,2,Sunrisers Hyderabad,DW Steyn
733991,Royal Challengers Bangalore,Kings XI Punjab,09-05-2014,Bangalore,2014,194,10,18,195,1,Kings XI Punjab,Sandeep Sharma
733989,Rajasthan Royals,Sunrisers Hyderabad,08-05-2014,Ahmedabad,2014,198,8,9,200,6,Sunrisers Hyderabad,B Kumar
733985,Delhi Daredevils,Kolkata Knight Riders,07-05-2014,Delhi,2014,144,1,17,146,7,Kolkata Knight Riders,G Gambhir
733987,Kings XI Punjab,Chennai Super Kings,07-05-2014,Cuttack,2014,140,3,9,70,6,Kings XI Punjab,GJ Maxwell
733983,Mumbai Indians,Royal Challengers Bangalore,06-05-2014,Mumbai,2014,182,2,12,94,1,Mumbai Indians,RG Sharma
733981,Delhi Daredevils,Chennai Super Kings,05-05-2014,Delhi,2014,103,1,13,104,6,Chennai Super Kings,DR Smith
733979,Rajasthan Royals,Kolkata Knight Riders,05-05-2014,Ahmedabad,2014,175,6,9,71,10,Rajasthan Royals,PV Tambe
733977,Royal Challengers Bangalore,Sunrisers Hyderabad,04-05-2014,Bangalore,2014,142,9,18,84,0,Royal Challengers Bangalore,AB de Villiers
733975,Delhi Daredevils,Rajasthan Royals,03-05-2014,Delhi,2014,69,1,10,71,0,Rajasthan Royals,KK Nair
733973,Mumbai Indians,Kings XI Punjab,03-05-2014,Mumbai,2014,130,10,11,78,7,Mumbai Indians,CJ Anderson
733971,Chennai Super Kings,Kolkata Knight Riders,02-05-2014,Ranchi,2014,156,8,13,147,1,Chennai Super Kings,RA Jadeja
729317,Mumbai Indians,Sunrisers Hyderabad,30-04-2014,NA,2014,116,0,11,118,4,Sunrisers Hyderabad,B Kumar
729315,Kolkata Knight Riders,Rajasthan Royals,29-04-2014,Abu Dhabi,2014,130,5,16,133,5,Rajasthan Royals,JP Faulkner
729313,Kings XI Punjab,Royal Challengers Bangalore,28-04-2014,NA,2014,98,2,9,94,10,Kings XI Punjab,Sandeep Sharma
729311,Sunrisers Hyderabad,Chennai Super Kings,27-04-2014,NA,2014,122,3,14,123,9,Chennai Super Kings,DR Smith
729309,Delhi Daredevils,Mumbai Indians,27-04-2014,NA,2014,166,8,8,128,1,Delhi Daredevils,M Vijay
729307,Kolkata Knight Riders,Kings XI Punjab,26-04-2014,Abu Dhabi,2014,71,4,11,73,7,Kings XI Punjab,Sandeep Sharma
729305,Rajasthan Royals,Royal Challengers Bangalore,26-04-2014,Abu Dhabi,2014,70,8,7,68,3,Rajasthan Royals,PV Tambe
729301,Sunrisers Hyderabad,Delhi Daredevils,25-04-2014,NA,2014,181,5,15,86,5,Sunrisers Hyderabad,AJ Finch
729303,Chennai Super Kings,Mumbai Indians,25-04-2014,NA,2014,177,2,19,86,0,Chennai Super Kings,MM Sharma
729299,Royal Challengers Bangalore,Kolkata Knight Riders,24-04-2014,NA,2014,196,6,18,200,6,Kolkata Knight Riders,CA Lynn
729297,Rajasthan Royals,Chennai Super Kings,23-04-2014,NA,2014,121,9,8,122,1,Chennai Super Kings,RA Jadeja
729295,Kings XI Punjab,Sunrisers Hyderabad,22-04-2014,NA,2014,182,3,10,112,1,Kings XI Punjab,GJ Maxwell
729293,Chennai Super Kings,Delhi Daredevils,21-04-2014,Abu Dhabi,2014,128,1,19,82,6,Chennai Super Kings,SK Raina
729291,Rajasthan Royals,Kings XI Punjab,20-04-2014,NA,2014,70,9,12,73,1,Kings XI Punjab,GJ Maxwell
729289,Kolkata Knight Riders,Delhi Daredevils,19-04-2014,NA,2014,89,5,10,94,7,Delhi Daredevils,JP Duminy
729287,Royal Challengers Bangalore,Mumbai Indians,19-04-2014,NA,2014,164,10,18,106,9,Royal Challengers Bangalore,PA Patel
729285,Sunrisers Hyderabad,Rajasthan Royals,18-04-2014,Abu Dhabi,2014,166,2,14,168,3,Rajasthan Royals,AM Rahane
729283,Chennai Super Kings,Kings XI Punjab,18-04-2014,Abu Dhabi,2014,95,10,10,98,2,Kings XI Punjab,GJ Maxwell
729281,Delhi Daredevils,Royal Challengers Bangalore,17-04-2014,NA,2014,158,10,8,159,0,Royal Challengers Bangalore,YS Chahal
729279,Mumbai Indians,Kolkata Knight Riders,16-04-2014,Abu Dhabi,2014,195,10,9,199,7,Kolkata Knight Riders,JH Kallis
598073,Chennai Super Kings,Mumbai Indians,26-05-2013,Kolkata,2013,115,5,8,116,3,Mumbai Indians,KA Pollard
598072,Mumbai Indians,Rajasthan Royals,24-05-2013,Kolkata,2013,89,1,13,79,6,Mumbai Indians,Harbhajan Singh
598071,Rajasthan Royals,Sunrisers Hyderabad,22-05-2013,Delhi,2013,189,8,12,118,3,Rajasthan Royals,BJ Hodge
598070,Chennai Super Kings,Mumbai Indians,21-05-2013,Delhi,2013,163,2,15,136,4,Chennai Super Kings,MEK Hussey
598069,Sunrisers Hyderabad,Kolkata Knight Riders,19-05-2013,Hyderabad,2013,132,0,10,76,7,Sunrisers Hyderabad,PA Patel
598067,Pune Warriors,Delhi Daredevils,19-05-2013,Pune,2013,110,4,15,107,9,Pune Warriors,LJ Wright
598068,Royal Challengers Bangalore,Chennai Super Kings,18-05-2013,Bangalore,2013,118,10,11,110,1,Royal Challengers Bangalore,V Kohli
598066,Kings XI Punjab,Mumbai Indians,18-05-2013,Dharamsala,2013,213,8,19,113,0,Kings XI Punjab,Azhar Mahmood
598065,Sunrisers Hyderabad,Rajasthan Royals,17-05-2013,Hyderabad,2013,98,2,11,72,3,Sunrisers Hyderabad,A Mishra
598028,Kings XI Punjab,Delhi Daredevils,16-05-2013,Dharamsala,2013,100,1,14,75,3,Kings XI Punjab,DA Miller
598063,Mumbai Indians,Rajasthan Royals,15-05-2013,Mumbai,2013,103,3,12,102,7,Mumbai Indians,AP Tare
598061,Kolkata Knight Riders,Pune Warriors,15-05-2013,Ranchi,2013,89,7,7,90,9,Pune Warriors,MK Pandey
598062,Chennai Super Kings,Delhi Daredevils,14-05-2013,Chennai,2013,100,7,12,96,8,Chennai Super Kings,MS Dhoni
598045,Royal Challengers Bangalore,Kings XI Punjab,14-05-2013,Bangalore,2013,170,9,9,171,3,Kings XI Punjab,AC Gilchrist
598060,Mumbai Indians,Sunrisers Hyderabad,13-05-2013,Mumbai,2013,188,8,17,125,1,Mumbai Indians,KA Pollard
598058,Rajasthan Royals,Chennai Super Kings,12-05-2013,Jaipur,2013,193,10,12,121,5,Rajasthan Royals,SR Watson
598057,Kolkata Knight Riders,Royal Challengers Bangalore,12-05-2013,Ranchi,2013,100,4,16,87,9,Kolkata Knight Riders,JH Kallis
598056,Kings XI Punjab,Sunrisers Hyderabad,11-05-2013,Chandigarh,2013,134,5,20,136,6,Sunrisers Hyderabad,PA Patel
598055,Pune Warriors,Mumbai Indians,11-05-2013,Pune,2013,132,2,19,133,8,Mumbai Indians,MG Johnson
598054,Delhi Daredevils,Royal Challengers Bangalore,10-05-2013,Delhi,2013,162,7,13,167,10,Royal Challengers Bangalore,JD Unadkat
598053,Pune Warriors,Kolkata Knight Riders,09-05-2013,Pune,2013,152,5,11,153,4,Kolkata Knight Riders,G Gambhir
598052,Kings XI Punjab,Rajasthan Royals,09-05-2013,Chandigarh,2013,152,3,20,153,4,Rajasthan Royals,KK Cooper
598051,Sunrisers Hyderabad,Chennai Super Kings,08-05-2013,Hyderabad,2013,101,1,16,104,6,Chennai Super Kings,SK Raina
598049,Rajasthan Royals,Delhi Daredevils,07-05-2013,Jaipur,2013,85,4,14,81,8,Rajasthan Royals,AM Rahane
598050,Mumbai Indians,Kolkata Knight Riders,07-05-2013,Mumbai,2013,218,9,12,81,3,Mumbai Indians,SR Tendulkar
598064,Kings XI Punjab,Royal Challengers Bangalore,06-05-2013,Chandigarh,2013,156,1,7,89,0,Kings XI Punjab,DA Miller
598047,Rajasthan Royals,Pune Warriors,05-05-2013,Jaipur,2013,204,3,13,127,2,Rajasthan Royals,AM Rahane
598046,Mumbai Indians,Chennai Super Kings,05-05-2013,Mumbai,2013,100,0,9,79,9,Mumbai Indians,MG Johnson
598044,Sunrisers Hyderabad,Delhi Daredevils,04-05-2013,Hyderabad,2013,142,9,13,128,0,Sunrisers Hyderabad,DJG Sammy
598043,Kolkata Knight Riders,Rajasthan Royals,03-05-2013,Kolkata,2013,115,9,9,113,8,Kolkata Knight Riders,YK Pathan
598042,Pune Warriors,Royal Challengers Bangalore,02-05-2013,Pune,2013,218,10,20,219,1,Royal Challengers Bangalore,AB de Villiers
598041,Chennai Super Kings,Kings XI Punjab,02-05-2013,Chennai,2013,137,9,9,86,9,Chennai Super Kings,SK Raina
598040,Delhi Daredevils,Kolkata Knight Riders,01-05-2013,Raipur,2013,112,3,13,105,2,Delhi Daredevils,DA Warner
598039,Sunrisers Hyderabad,Mumbai Indians,01-05-2013,Hyderabad,2013,172,6,17,80,7,Sunrisers Hyderabad,I Sharma
598038,Pune Warriors,Chennai Super Kings,30-04-2013,Pune,2013,86,9,17,90,3,Chennai Super Kings,MS Dhoni
598037,Mumbai Indians,Kings XI Punjab,29-04-2013,Mumbai,2013,162,1,9,93,2,Mumbai Indians,RG Sharma
598036,Rajasthan Royals,Royal Challengers Bangalore,29-04-2013,Jaipur,2013,153,5,16,111,10,Rajasthan Royals,SV Samson
598034,Chennai Super Kings,Kolkata Knight Riders,28-04-2013,Chennai,2013,203,2,15,80,3,Chennai Super Kings,MEK Hussey
598035,Delhi Daredevils,Pune Warriors,28-04-2013,Raipur,2013,187,2,7,79,2,Delhi Daredevils,DA Warner
598033,Mumbai Indians,Royal Challengers Bangalore,27-04-2013,Mumbai,2013,215,2,18,96,7,Mumbai Indians,DR Smith
598032,Rajasthan Royals,Sunrisers Hyderabad,27-04-2013,Jaipur,2013,165,4,10,79,6,Rajasthan Royals,JP Faulkner
598031,Kolkata Knight Riders,Kings XI Punjab,26-04-2013,Kolkata,2013,90,3,17,85,4,Kolkata Knight Riders,JH Kallis
598030,Chennai Super Kings,Sunrisers Hyderabad,25-04-2013,Chennai,2013,111,5,17,98,8,Chennai Super Kings,MS Dhoni
598029,Kolkata Knight Riders,Mumbai Indians,24-04-2013,Kolkata,2013,179,5,8,184,3,Mumbai Indians,DR Smith
598059,Delhi Daredevils,Kings XI Punjab,23-04-2013,Delhi,2013,184,4,18,188,5,Kings XI Punjab,Harmeet Singh
598027,Royal Challengers Bangalore,Pune Warriors,23-04-2013,Bangalore,2013,217,2,14,147,9,Royal Challengers Bangalore,CH Gayle
598026,Chennai Super Kings,Rajasthan Royals,22-04-2013,Chennai,2013,90,6,12,73,10,Chennai Super Kings,MEK Hussey
598025,Kings XI Punjab,Pune Warriors,21-04-2013,Chandigarh,2013,133,10,11,74,4,Kings XI Punjab,DA Miller
598024,Delhi Daredevils,Mumbai Indians,21-04-2013,Delhi,2013,116,10,20,69,6,Delhi Daredevils,V Sehwag
598023,Royal Challengers Bangalore,Rajasthan Royals,20-04-2013,Bangalore,2013,183,8,14,116,3,Royal Challengers Bangalore,R Vinay Kumar
598022,Kolkata Knight Riders,Chennai Super Kings,20-04-2013,Kolkata,2013,171,10,14,173,0,Chennai Super Kings,RA Jadeja
598021,Sunrisers Hyderabad,Kings XI Punjab,19-04-2013,Hyderabad,2013,85,6,12,80,0,Sunrisers Hyderabad,GH Vihari
598020,Delhi Daredevils,Chennai Super Kings,18-04-2013,Delhi,2013,122,3,19,126,9,Chennai Super Kings,MEK Hussey
598019,Rajasthan Royals,Mumbai Indians,17-04-2013,Jaipur,2013,161,8,14,144,9,Rajasthan Royals,AM Rahane
598018,Pune Warriors,Sunrisers Hyderabad,17-04-2013,Pune,2013,205,6,16,210,1,Sunrisers Hyderabad,A Mishra
598016,Kings XI Punjab,Kolkata Knight Riders,16-04-2013,Chandigarh,2013,181,9,15,115,9,Kings XI Punjab,MS Gony
598017,Royal Challengers Bangalore,Delhi Daredevils,16-04-2013,Bangalore,2013,121,9,16,107,10,Royal Challengers Bangalore,V Kohli
598015,Chennai Super Kings,Pune Warriors,15-04-2013,Chennai,2013,88,6,16,89,4,Pune Warriors,SPD Smith
598014,Rajasthan Royals,Kings XI Punjab,14-04-2013,Jaipur,2013,154,3,16,111,6,Rajasthan Royals,JP Faulkner
598013,Kolkata Knight Riders,Sunrisers Hyderabad,14-04-2013,Kolkata,2013,91,8,8,86,8,Kolkata Knight Riders,G Gambhir
598012,Chennai Super Kings,Royal Challengers Bangalore,13-04-2013,Chennai,2013,202,10,13,103,0,Chennai Super Kings,RA Jadeja
598011,Mumbai Indians,Pune Warriors,13-04-2013,Mumbai,2013,179,4,11,105,2,Mumbai Indians,RG Sharma
598010,Delhi Daredevils,Sunrisers Hyderabad,12-04-2013,Delhi,2013,199,5,9,200,5,Sunrisers Hyderabad,A Mishra
598009,Pune Warriors,Rajasthan Royals,11-04-2013,Pune,2013,154,9,14,90,10,Pune Warriors,AJ Finch
598008,Royal Challengers Bangalore,Kolkata Knight Riders,11-04-2013,Bangalore,2013,136,2,12,71,1,Royal Challengers Bangalore,CH Gayle
598007,Kings XI Punjab,Chennai Super Kings,10-04-2013,Chandigarh,2013,138,9,17,142,0,Chennai Super Kings,MEK Hussey
598048,Royal Challengers Bangalore,Sunrisers Hyderabad,09-04-2013,Bangalore,2013,117,3,16,69,5,Royal Challengers Bangalore,V Kohli
598006,Mumbai Indians,Delhi Daredevils,09-04-2013,Mumbai,2013,188,0,7,75,10,Mumbai Indians,KD Karthik
598005,Rajasthan Royals,Kolkata Knight Riders,08-04-2013,Jaipur,2013,79,9,12,74,5,Rajasthan Royals,SK Trivedi
598004,Sunrisers Hyderabad,Royal Challengers Bangalore,07-04-2013,Hyderabad,2013,79,4,17,75,0,Sunrisers Hyderabad,GH Vihari
598003,Pune Warriors,Kings XI Punjab,07-04-2013,Pune,2013,85,4,14,90,0,Kings XI Punjab,M Vohra
598002,Chennai Super Kings,Mumbai Indians,06-04-2013,Chennai,2013,203,8,17,205,8,Mumbai Indians,KA Pollard
598001,Delhi Daredevils,Rajasthan Royals,06-04-2013,Delhi,2013,105,0,16,110,1,Rajasthan Royals,R Dravid
598000,Sunrisers Hyderabad,Pune Warriors,05-04-2013,Hyderabad,2013,166,1,13,75,8,Sunrisers Hyderabad,A Mishra
597999,Royal Challengers Bangalore,Mumbai Indians,04-04-2013,Bangalore,2013,151,8,11,121,6,Royal Challengers Bangalore,CH Gayle
597998,Kolkata Knight Riders,Delhi Daredevils,03-04-2013,Kolkata,2013,212,0,17,121,1,Kolkata Knight Riders,SP Narine
548381,Kolkata Knight Riders,Chennai Super Kings,27-05-2012,Chennai,2012,93,8,16,89,5,Kolkata Knight Riders,MS Bisla
548380,Delhi Daredevils,Chennai Super Kings,25-05-2012,Chennai,2012,217,1,12,220,9,Chennai Super Kings,M Vijay
548379,Chennai Super Kings,Mumbai Indians,23-05-2012,Bangalore,2012,72,8,13,69,7,Chennai Super Kings,MS Dhoni
548378,Delhi Daredevils,Kolkata Knight Riders,22-05-2012,Pune,2012,90,6,18,92,0,Kolkata Knight Riders,YK Pathan
548377,Rajasthan Royals,Mumbai Indians,20-05-2012,Jaipur,2012,204,7,10,207,0,Mumbai Indians,DR Smith
548376,Deccan Chargers,Royal Challengers Bangalore,20-05-2012,Hyderabad,2012,104,9,14,102,9,Deccan Chargers,DW Steyn
548375,Pune Warriors,Kolkata Knight Riders,19-05-2012,Pune,2012,80,2,19,82,10,Kolkata Knight Riders,Shakib Al Hasan
548374,Kings XI Punjab,Delhi Daredevils,19-05-2012,Dharamsala,2012,77,1,8,81,1,Delhi Daredevils,UT Yadav
548373,Deccan Chargers,Rajasthan Royals,18-05-2012,Hyderabad,2012,88,6,16,69,3,Deccan Chargers,DW Steyn
548371,Kings XI Punjab,Chennai Super Kings,17-05-2012,Dharamsala,2012,137,8,12,92,0,Kings XI Punjab,AC Gilchrist
548372,Delhi Daredevils,Royal Challengers Bangalore,17-05-2012,Delhi,2012,94,2,17,95,5,Royal Challengers Bangalore,CH Gayle
548370,Mumbai Indians,Kolkata Knight Riders,16-05-2012,Mumbai,2012,79,7,11,81,6,Kolkata Knight Riders,SP Narine
548369,Delhi Daredevils,Kings XI Punjab,15-05-2012,Delhi,2012,118,5,7,79,10,Delhi Daredevils,UT Yadav
548368,Kolkata Knight Riders,Chennai Super Kings,14-05-2012,Kolkata,2012,147,3,15,148,1,Chennai Super Kings,MEK Hussey
548367,Royal Challengers Bangalore,Mumbai Indians,14-05-2012,Bangalore,2012,96,9,20,101,3,Mumbai Indians,AT Rayudu
548366,Kings XI Punjab,Deccan Chargers,13-05-2012,Chandigarh,2012,116,7,15,80,2,Kings XI Punjab,DJ Hussey
548365,Rajasthan Royals,Pune Warriors,13-05-2012,Jaipur,2012,176,8,7,135,0,Rajasthan Royals,A Chandila
548364,Chennai Super Kings,Delhi Daredevils,12-05-2012,Chennai,2012,84,5,19,82,8,Chennai Super Kings,BW Hilfenhaus
548363,Kolkata Knight Riders,Mumbai Indians,12-05-2012,Kolkata,2012,108,7,20,111,3,Mumbai Indians,RG Sharma
548362,Pune Warriors,Royal Challengers Bangalore,11-05-2012,Pune,2012,137,6,19,138,0,Royal Challengers Bangalore,CH Gayle
548361,Rajasthan Royals,Chennai Super Kings,10-05-2012,Jaipur,2012,116,4,16,119,2,Chennai Super Kings,BW Hilfenhaus
548329,Deccan Chargers,Delhi Daredevils,10-05-2012,Hyderabad,2012,88,3,11,91,1,Delhi Daredevils,DA Warner
548360,Mumbai Indians,Royal Challengers Bangalore,09-05-2012,Mumbai,2012,152,5,7,157,3,Royal Challengers Bangalore,CH Gayle
548359,Deccan Chargers,Kings XI Punjab,08-05-2012,Hyderabad,2012,189,6,20,193,3,Kings XI Punjab,Mandeep Singh
548358,Pune Warriors,Rajasthan Royals,08-05-2012,Pune,2012,85,2,20,88,10,Rajasthan Royals,SR Watson
548357,Delhi Daredevils,Kolkata Knight Riders,07-05-2012,Delhi,2012,86,10,19,91,0,Kolkata Knight Riders,JH Kallis
548356,Royal Challengers Bangalore,Deccan Chargers,06-05-2012,Bangalore,2012,209,4,8,107,10,Royal Challengers Bangalore,AB de Villiers
548355,Mumbai Indians,Chennai Super Kings,06-05-2012,Mumbai,2012,142,1,20,115,9,Mumbai Indians,DR Smith
548354,Kings XI Punjab,Rajasthan Royals,05-05-2012,Chandigarh,2012,125,4,13,128,0,Rajasthan Royals,SR Watson
548353,Kolkata Knight Riders,Pune Warriors,05-05-2012,Kolkata,2012,153,5,13,87,6,Kolkata Knight Riders,SP Narine
548352,Chennai Super Kings,Deccan Chargers,04-05-2012,Chennai,2012,160,0,14,77,2,Chennai Super Kings,SK Raina
548351,Pune Warriors,Mumbai Indians,03-05-2012,Pune,2012,107,5,12,108,1,Mumbai Indians,SL Malinga
548350,Royal Challengers Bangalore,Kings XI Punjab,02-05-2012,Bangalore,2012,211,0,19,213,8,Kings XI Punjab,Azhar Mahmood
548349,Rajasthan Royals,Delhi Daredevils,01-05-2012,Jaipur,2012,144,7,15,146,10,Delhi Daredevils,P Negi
548348,Deccan Chargers,Pune Warriors,01-05-2012,Cuttack,2012,109,2,14,71,7,Deccan Chargers,KC Sangakkara
548347,Chennai Super Kings,Kolkata Knight Riders,30-04-2012,Chennai,2012,96,8,15,97,3,Kolkata Knight Riders,G Gambhir
548346,Mumbai Indians,Deccan Chargers,29-04-2012,Mumbai,2012,107,1,12,103,7,Mumbai Indians,DW Steyn
548345,Delhi Daredevils,Rajasthan Royals,29-04-2012,Delhi,2012,166,1,15,74,0,Delhi Daredevils,V Sehwag
548344,Kolkata Knight Riders,Royal Challengers Bangalore,28-04-2012,Kolkata,2012,129,4,13,71,8,Kolkata Knight Riders,G Gambhir
548343,Chennai Super Kings,Kings XI Punjab,28-04-2012,Chennai,2012,100,2,14,101,7,Kings XI Punjab,Mandeep Singh
548342,Delhi Daredevils,Mumbai Indians,27-04-2012,Delhi,2012,194,10,11,152,4,Delhi Daredevils,V Sehwag
548341,Pune Warriors,Deccan Chargers,26-04-2012,Pune,2012,181,7,7,182,10,Deccan Chargers,CL White
548339,Kings XI Punjab,Mumbai Indians,25-04-2012,Chandigarh,2012,71,1,12,72,5,Mumbai Indians,AT Rayudu
548337,Pune Warriors,Delhi Daredevils,24-04-2012,Pune,2012,124,6,12,129,4,Delhi Daredevils,V Sehwag
548336,Rajasthan Royals,Royal Challengers Bangalore,23-04-2012,Jaipur,2012,94,1,7,98,8,Royal Challengers Bangalore,AB de Villiers
548334,Mumbai Indians,Kings XI Punjab,22-04-2012,Mumbai,2012,72,1,17,76,8,Kings XI Punjab,SE Marsh
548335,Deccan Chargers,Kolkata Knight Riders,22-04-2012,Cuttack,2012,88,1,12,92,0,Kolkata Knight Riders,B Lee
548333,Delhi Daredevils,Pune Warriors,21-04-2012,Delhi,2012,75,9,13,78,3,Pune Warriors,SC Ganguly
548332,Chennai Super Kings,Rajasthan Royals,21-04-2012,Chennai,2012,141,8,17,102,9,Chennai Super Kings,F du Plessis
548331,Kings XI Punjab,Royal Challengers Bangalore,20-04-2012,Chandigarh,2012,87,2,20,92,5,Royal Challengers Bangalore,CH Gayle
548330,Chennai Super Kings,Pune Warriors,19-04-2012,Chennai,2012,83,0,19,74,1,Chennai Super Kings,KMDN Kulasekara
548321,Delhi Daredevils,Deccan Chargers,19-04-2012,Delhi,2012,216,9,19,129,3,Delhi Daredevils,KP Pietersen
548328,Kings XI Punjab,Kolkata Knight Riders,18-04-2012,Chandigarh,2012,127,3,16,132,8,Kolkata Knight Riders,G Gambhir
548327,Royal Challengers Bangalore,Pune Warriors,17-04-2012,Bangalore,2012,196,5,9,72,9,Royal Challengers Bangalore,CH Gayle
548326,Rajasthan Royals,Deccan Chargers,17-04-2012,Jaipur,2012,211,5,7,141,7,Rajasthan Royals,BJ Hodge
548325,Mumbai Indians,Delhi Daredevils,16-04-2012,Mumbai,2012,191,0,13,195,5,Delhi Daredevils,S Nadeem
548324,Royal Challengers Bangalore,Rajasthan Royals,15-04-2012,Bangalore,2012,117,0,7,119,3,Rajasthan Royals,AM Rahane
548323,Kolkata Knight Riders,Kings XI Punjab,15-04-2012,Kolkata,2012,79,2,12,84,3,Kings XI Punjab,SP Narine
548322,Pune Warriors,Chennai Super Kings,14-04-2012,Pune,2012,196,1,9,104,8,Pune Warriors,JD Ryder
548320,Kolkata Knight Riders,Rajasthan Royals,13-04-2012,Kolkata,2012,190,10,9,110,8,Kolkata Knight Riders,Shakib Al Hasan
548319,Kings XI Punjab,Pune Warriors,12-04-2012,Chandigarh,2012,175,0,10,149,7,Kings XI Punjab,AD Mascarenhas
548318,Chennai Super Kings,Royal Challengers Bangalore,12-04-2012,Chennai,2012,153,8,11,81,7,Chennai Super Kings,F du Plessis
548317,Mumbai Indians,Rajasthan Royals,11-04-2012,Mumbai,2012,171,10,15,96,1,Mumbai Indians,KA Pollard
548316,Delhi Daredevils,Chennai Super Kings,10-04-2012,Delhi,2012,94,4,11,89,8,Delhi Daredevils,M Morkel
548315,Royal Challengers Bangalore,Kolkata Knight Riders,10-04-2012,Bangalore,2012,90,0,7,91,10,Kolkata Knight Riders,L Balaji
548314,Deccan Chargers,Mumbai Indians,09-04-2012,Visakhapatnam,2012,132,5,20,133,10,Mumbai Indians,RG Sharma
548313,Pune Warriors,Kings XI Punjab,08-04-2012,Pune,2012,73,2,16,68,7,Pune Warriors,MN Samuels
548312,Rajasthan Royals,Kolkata Knight Riders,08-04-2012,Jaipur,2012,190,8,15,109,9,Rajasthan Royals,BJ Hodge
548311,Deccan Chargers,Chennai Super Kings,07-04-2012,Visakhapatnam,2012,193,2,9,197,6,Chennai Super Kings,RA Jadeja
548310,Royal Challengers Bangalore,Delhi Daredevils,07-04-2012,Bangalore,2012,114,4,13,75,4,Royal Challengers Bangalore,AB de Villiers
548309,Rajasthan Royals,Kings XI Punjab,06-04-2012,Jaipur,2012,157,10,9,84,3,Rajasthan Royals,AM Rahane
548308,Mumbai Indians,Pune Warriors,06-04-2012,Mumbai,2012,148,8,17,149,7,Pune Warriors,SPD Smith
548307,Kolkata Knight Riders,Delhi Daredevils,05-04-2012,Kolkata,2012,214,1,17,217,1,Delhi Daredevils,IK Pathan
548306,Chennai Super Kings,Mumbai Indians,04-04-2012,Chennai,2012,129,1,16,131,0,Mumbai Indians,RE Levi
501271,Chennai Super Kings,Royal Challengers Bangalore,28-05-2011,Chennai,2011,155,10,12,125,2,Chennai Super Kings,M Vijay
501270,Royal Challengers Bangalore,Mumbai Indians,27-05-2011,Chennai,2011,176,3,7,120,10,Royal Challengers Bangalore,CH Gayle
501269,Mumbai Indians,Kolkata Knight Riders,25-05-2011,Mumbai,2011,191,6,17,88,1,Mumbai Indians,MM Patel
501268,Royal Challengers Bangalore,Chennai Super Kings,24-05-2011,Mumbai,2011,110,4,8,114,7,Chennai Super Kings,SK Raina
501267,Kolkata Knight Riders,Mumbai Indians,22-05-2011,Kolkata,2011,110,4,7,114,1,Mumbai Indians,JEC Franklin
501266,Royal Challengers Bangalore,Chennai Super Kings,22-05-2011,Bangalore,2011,138,3,11,99,8,Royal Challengers Bangalore,CH Gayle
501265,Delhi Daredevils,Pune Warriors,21-05-2011,Delhi,2011,143,2,7,147,9,NA,NA
501264,Kings XI Punjab,Deccan Chargers,21-05-2011,Dharamsala,2011,166,1,20,171,2,Deccan Chargers,S Dhawan
501263,Mumbai Indians,Rajasthan Royals,20-05-2011,Mumbai,2011,162,0,12,165,6,Rajasthan Royals,SR Watson
501262,Pune Warriors,Kolkata Knight Riders,19-05-2011,Mumbai,2011,150,9,18,151,3,Kolkata Knight Riders,YK Pathan
501261,Chennai Super Kings,Kochi Tuskers Kerala,18-05-2011,Chennai,2011,83,0,9,72,10,Chennai Super Kings,WP Saha
501260,Kings XI Punjab,Royal Challengers Bangalore,17-05-2011,Dharamsala,2011,118,10,10,101,10,Kings XI Punjab,AC Gilchrist
501259,Pune Warriors,Deccan Chargers,16-05-2011,Mumbai,2011,130,4,14,131,0,Deccan Chargers,A Mishra
501258,Kochi Tuskers Kerala,Rajasthan Royals,15-05-2011,Indore,2011,213,5,15,182,8,Kochi Tuskers Kerala,BJ Hodge
501257,Kings XI Punjab,Delhi Daredevils,15-05-2011,Dharamsala,2011,150,0,16,89,6,Kings XI Punjab,PP Chawla
501255,Royal Challengers Bangalore,Kolkata Knight Riders,14-05-2011,Bangalore,2011,178,9,11,89,8,Royal Challengers Bangalore,CH Gayle
501256,Mumbai Indians,Deccan Chargers,14-05-2011,Mumbai,2011,114,4,19,116,2,Deccan Chargers,A Mishra
501254,Kochi Tuskers Kerala,Kings XI Punjab,13-05-2011,Indore,2011,98,3,20,102,7,Kings XI Punjab,KD Karthik
501253,Chennai Super Kings,Delhi Daredevils,12-05-2011,Chennai,2011,164,6,17,80,3,Chennai Super Kings,MS Dhoni
501252,Rajasthan Royals,Royal Challengers Bangalore,11-05-2011,Jaipur,2011,114,7,7,117,3,Royal Challengers Bangalore,S Aravind
501251,Kings XI Punjab,Mumbai Indians,10-05-2011,Chandigarh,2011,201,2,10,76,9,Kings XI Punjab,BA Bhatt
501250,Deccan Chargers,Pune Warriors,10-05-2011,Hyderabad,2011,194,4,16,199,5,Pune Warriors,MR Marsh
501249,Rajasthan Royals,Chennai Super Kings,09-05-2011,Jaipur,2011,136,10,15,141,8,Chennai Super Kings,M Vijay
501248,Kings XI Punjab,Pune Warriors,08-05-2011,Chandigarh,2011,194,10,12,196,2,Pune Warriors,R Sharma
501247,Royal Challengers Bangalore,Kochi Tuskers Kerala,08-05-2011,Bangalore,2011,114,3,14,69,4,Royal Challengers Bangalore,CH Gayle
501246,Mumbai Indians,Delhi Daredevils,07-05-2011,Mumbai,2011,117,7,19,87,4,Mumbai Indians,AT Rayudu
501245,Kolkata Knight Riders,Chennai Super Kings,07-05-2011,Kolkata,2011,114,2,16,70,4,Kolkata Knight Riders,Iqbal Abdulla
501244,Royal Challengers Bangalore,Kings XI Punjab,06-05-2011,Bangalore,2011,85,1,7,82,6,Royal Challengers Bangalore,CH Gayle
501243,Deccan Chargers,Delhi Daredevils,05-05-2011,Hyderabad,2011,143,10,9,148,8,Delhi Daredevils,V Sehwag
501242,Kochi Tuskers Kerala,Kolkata Knight Riders,05-05-2011,Kochi,2011,176,5,16,95,10,Kochi Tuskers Kerala,BJ Hodge
501241,Pune Warriors,Mumbai Indians,04-05-2011,Mumbai,2011,135,5,9,138,0,Mumbai Indians,R Sharma
501240,Chennai Super Kings,Rajasthan Royals,04-05-2011,Chennai,2011,173,10,12,95,0,Chennai Super Kings,MEK Hussey
501239,Deccan Chargers,Kolkata Knight Riders,03-05-2011,Hyderabad,2011,98,10,13,103,5,Kolkata Knight Riders,YK Pathan
501238,Delhi Daredevils,Kochi Tuskers Kerala,02-05-2011,Delhi,2011,70,4,19,73,5,Kochi Tuskers Kerala,P Parameswaran
501237,Mumbai Indians,Kings XI Punjab,02-05-2011,Mumbai,2011,152,8,18,101,4,Mumbai Indians,KA Pollard
501235,Rajasthan Royals,Pune Warriors,01-05-2011,Jaipur,2011,146,2,15,84,9,Rajasthan Royals,LRPL Taylor
501236,Chennai Super Kings,Deccan Chargers,01-05-2011,Chennai,2011,122,4,20,78,2,Chennai Super Kings,JA Morkel
501233,Kochi Tuskers Kerala,Delhi Daredevils,30-04-2011,Kochi,2011,92,6,19,93,8,Delhi Daredevils,V Sehwag
501234,Kolkata Knight Riders,Kings XI Punjab,30-04-2011,Kolkata,2011,112,9,16,76,8,Kolkata Knight Riders,Iqbal Abdulla
501232,Royal Challengers Bangalore,Pune Warriors,29-04-2011,Bangalore,2011,202,3,11,126,4,Royal Challengers Bangalore,V Kohli
501231,Rajasthan Royals,Mumbai Indians,29-04-2011,Jaipur,2011,79,1,9,77,10,Rajasthan Royals,J Botha
501230,Delhi Daredevils,Kolkata Knight Riders,28-04-2011,Delhi,2011,93,2,8,96,4,Kolkata Knight Riders,MK Tiwary
501228,Pune Warriors,Chennai Super Kings,27-04-2011,Mumbai,2011,210,6,8,215,2,Chennai Super Kings,DE Bollinger
501229,Kochi Tuskers Kerala,Deccan Chargers,27-04-2011,Kochi,2011,79,9,7,82,2,Deccan Chargers,I Sharma
501227,Delhi Daredevils,Royal Challengers Bangalore,26-04-2011,Delhi,2011,148,10,9,152,8,Royal Challengers Bangalore,V Kohli
501226,Chennai Super Kings,Pune Warriors,25-04-2011,Chennai,2011,215,3,11,201,10,Chennai Super Kings,MEK Hussey
501225,Rajasthan Royals,Kochi Tuskers Kerala,24-04-2011,Jaipur,2011,183,6,8,125,8,Rajasthan Royals,SK Warne
501224,Deccan Chargers,Mumbai Indians,24-04-2011,Hyderabad,2011,69,3,19,72,6,Mumbai Indians,SL Malinga
501223,Delhi Daredevils,Kings XI Punjab,23-04-2011,Delhi,2011,204,0,13,165,10,Delhi Daredevils,DA Warner
501222,Kolkata Knight Riders,Royal Challengers Bangalore,22-04-2011,Kolkata,2011,139,0,20,141,4,Royal Challengers Bangalore,CH Gayle
501221,Mumbai Indians,Chennai Super Kings,22-04-2011,Mumbai,2011,76,1,12,74,3,Mumbai Indians,Harbhajan Singh
501220,Kings XI Punjab,Rajasthan Royals,21-04-2011,Chandigarh,2011,179,3,17,122,7,Kings XI Punjab,SE Marsh
501218,Mumbai Indians,Pune Warriors,20-04-2011,Mumbai,2011,179,10,7,155,0,Mumbai Indians,MM Patel
501219,Kolkata Knight Riders,Kochi Tuskers Kerala,20-04-2011,Kolkata,2011,181,5,19,184,2,Kochi Tuskers Kerala,DPMD Jayawardene
501216,Delhi Daredevils,Deccan Chargers,19-04-2011,Delhi,2011,197,8,14,202,9,Deccan Chargers,S Sohal
501215,Kochi Tuskers Kerala,Chennai Super Kings,18-04-2011,Kochi,2011,135,8,19,95,4,Kochi Tuskers Kerala,BB McCullum
501214,Kolkata Knight Riders,Rajasthan Royals,17-04-2011,Kolkata,2011,186,3,13,124,4,Kolkata Knight Riders,L Balaji
501213,Pune Warriors,Delhi Daredevils,17-04-2011,Mumbai,2011,119,4,11,121,0,Delhi Daredevils,Yuvraj Singh
501212,Deccan Chargers,Kings XI Punjab,16-04-2011,Hyderabad,2011,202,0,12,205,6,Kings XI Punjab,PC Valthaty
501211,Chennai Super Kings,Royal Challengers Bangalore,16-04-2011,Chennai,2011,79,3,11,76,8,Chennai Super Kings,MEK Hussey
501210,Mumbai Indians,Kochi Tuskers Kerala,15-04-2011,Mumbai,2011,70,6,14,72,0,Kochi Tuskers Kerala,BB McCullum
501209,Rajasthan Royals,Kolkata Knight Riders,15-04-2011,Jaipur,2011,75,3,16,79,8,Kolkata Knight Riders,G Gambhir
501208,Deccan Chargers,Royal Challengers Bangalore,14-04-2011,Hyderabad,2011,165,7,13,92,5,Deccan Chargers,DW Steyn
501207,Pune Warriors,Kochi Tuskers Kerala,13-04-2011,Mumbai,2011,186,4,7,125,7,Pune Warriors,MD Mishra
501206,Kings XI Punjab,Chennai Super Kings,13-04-2011,Chandigarh,2011,196,2,16,69,2,Kings XI Punjab,PC Valthaty
501204,Rajasthan Royals,Delhi Daredevils,12-04-2011,Jaipur,2011,122,10,7,72,6,Rajasthan Royals,SK Warne
501205,Royal Challengers Bangalore,Mumbai Indians,12-04-2011,Bangalore,2011,204,1,18,208,8,Mumbai Indians,SR Tendulkar
501203,Kolkata Knight Riders,Deccan Chargers,11-04-2011,Kolkata,2011,78,3,9,73,7,Kolkata Knight Riders,JH Kallis
501202,Pune Warriors,Kings XI Punjab,10-04-2011,Mumbai,2011,162,4,16,82,6,Pune Warriors,SB Wagh
501201,Delhi Daredevils,Mumbai Indians,10-04-2011,Delhi,2011,71,3,19,74,8,Mumbai Indians,SL Malinga
501200,Kochi Tuskers Kerala,Royal Challengers Bangalore,09-04-2011,Kochi,2011,103,0,8,105,7,Royal Challengers Bangalore,AB de Villiers
501199,Deccan Chargers,Rajasthan Royals,09-04-2011,Hyderabad,2011,205,2,11,208,8,Rajasthan Royals,SK Trivedi
501198,Chennai Super Kings,Kolkata Knight Riders,08-04-2011,Chennai,2011,155,10,20,105,9,Chennai Super Kings,S Anirudha
419165,Chennai Super Kings,Mumbai Indians,25-04-2010,Mumbai,2009/10,211,7,15,144,8,Chennai Super Kings,SK Raina
419164,Royal Challengers Bangalore,Deccan Chargers,24-04-2010,Mumbai,2009/10,218,3,8,75,9,Royal Challengers Bangalore,A Kumble
419163,Chennai Super Kings,Deccan Chargers,22-04-2010,Mumbai,2009/10,213,1,15,114,8,Chennai Super Kings,DE Bollinger
419162,Royal Challengers Bangalore,Mumbai Indians,21-04-2010,Mumbai,2009/10,188,2,16,193,1,Mumbai Indians,KA Pollard
419161,Kolkata Knight Riders,Mumbai Indians,19-04-2010,Kolkata,2009/10,96,3,14,92,0,Kolkata Knight Riders,M Kartik
419160,Delhi Daredevils,Deccan Chargers,18-04-2010,Delhi,2009/10,122,7,8,127,9,Deccan Chargers,A Symonds
419159,Kings XI Punjab,Chennai Super Kings,18-04-2010,Dharamsala,2009/10,134,2,8,137,7,Chennai Super Kings,MS Dhoni
419158,Kolkata Knight Riders,Rajasthan Royals,17-04-2010,Kolkata,2009/10,198,8,13,76,10,Kolkata Knight Riders,JD Unadkat
419157,Royal Challengers Bangalore,Mumbai Indians,17-04-2010,Bangalore,2009/10,126,4,12,128,2,Mumbai Indians,R McLaren
419156,Kings XI Punjab,Deccan Chargers,16-04-2010,Dharamsala,2009/10,123,5,16,126,7,Deccan Chargers,RG Sharma
419155,Chennai Super Kings,Delhi Daredevils,15-04-2010,Chennai,2009/10,178,3,20,180,3,Delhi Daredevils,G Gambhir
419154,Rajasthan Royals,Royal Challengers Bangalore,14-04-2010,Jaipur,2009/10,209,2,17,212,7,Royal Challengers Bangalore,KP Pietersen
419153,Chennai Super Kings,Kolkata Knight Riders,13-04-2010,Chennai,2009/10,175,4,10,110,3,Chennai Super Kings,R Ashwin
419152,Mumbai Indians,Delhi Daredevils,13-04-2010,Mumbai,2009/10,126,6,19,69,4,Mumbai Indians,KA Pollard
419151,Deccan Chargers,Royal Challengers Bangalore,12-04-2010,Nagpur,2009/10,91,1,13,86,4,Deccan Chargers,Harmeet Singh
419150,Rajasthan Royals,Mumbai Indians,11-04-2010,Jaipur,2009/10,197,9,16,201,4,Mumbai Indians,SR Tendulkar
419149,Delhi Daredevils,Kings XI Punjab,11-04-2010,Delhi,2009/10,119,9,14,121,2,Kings XI Punjab,PP Chawla
419148,Royal Challengers Bangalore,Kolkata Knight Riders,10-04-2010,Bangalore,2009/10,207,7,17,108,8,Royal Challengers Bangalore,R Vinay Kumar
419147,Deccan Chargers,Chennai Super Kings,10-04-2010,Nagpur,2009/10,204,9,18,165,9,Deccan Chargers,RJ Harris
419146,Kings XI Punjab,Mumbai Indians,09-04-2010,Chandigarh,2009/10,119,0,9,108,8,Kings XI Punjab,KC Sangakkara
419145,Royal Challengers Bangalore,Deccan Chargers,08-04-2010,Bangalore,2009/10,131,2,19,135,9,Deccan Chargers,TL Suman
419144,Kolkata Knight Riders,Delhi Daredevils,07-04-2010,Kolkata,2009/10,186,2,11,121,10,Kolkata Knight Riders,SC Ganguly
419143,Rajasthan Royals,Kings XI Punjab,07-04-2010,Jaipur,2009/10,121,10,16,69,2,Rajasthan Royals,MJ Lumb
419142,Chennai Super Kings,Mumbai Indians,06-04-2010,Chennai,2009/10,170,2,15,93,9,Chennai Super Kings,SK Raina
419141,Deccan Chargers,Rajasthan Royals,05-04-2010,Nagpur,2009/10,159,1,16,161,7,Rajasthan Royals,SK Warne
419139,Kolkata Knight Riders,Kings XI Punjab,04-04-2010,Kolkata,2009/10,176,5,18,177,5,Kings XI Punjab,DPMD Jayawardene
419140,Delhi Daredevils,Royal Challengers Bangalore,04-04-2010,Delhi,2009/10,75,4,15,70,0,Delhi Daredevils,PD Collingwood
419138,Mumbai Indians,Deccan Chargers,03-04-2010,Mumbai,2009/10,178,7,16,70,2,Mumbai Indians,AT Rayudu
419137,Chennai Super Kings,Rajasthan Royals,03-04-2010,Chennai,2009/10,118,5,11,73,2,Chennai Super Kings,M Vijay
419136,Kings XI Punjab,Royal Challengers Bangalore,02-04-2010,Chandigarh,2009/10,140,0,17,145,9,Royal Challengers Bangalore,KP Pietersen
419135,Kolkata Knight Riders,Deccan Chargers,01-04-2010,Kolkata,2009/10,133,0,12,86,4,Kolkata Knight Riders,SC Ganguly
419134,Delhi Daredevils,Rajasthan Royals,31-03-2010,Delhi,2009/10,124,10,20,119,2,Delhi Daredevils,KD Karthik
419133,Chennai Super Kings,Royal Challengers Bangalore,31-03-2010,Chennai,2009/10,172,9,10,84,7,Chennai Super Kings,M Vijay
419132,Mumbai Indians,Kings XI Punjab,30-03-2010,Mumbai,2009/10,151,4,16,103,10,Mumbai Indians,SL Malinga
419131,Delhi Daredevils,Kolkata Knight Riders,29-03-2010,Delhi,2009/10,74,2,14,69,0,Delhi Daredevils,DA Warner
419130,Deccan Chargers,Mumbai Indians,28-03-2010,Mumbai,2009/10,80,6,7,85,8,Mumbai Indians,Harbhajan Singh
419129,Rajasthan Royals,Chennai Super Kings,28-03-2010,Ahmedabad,2009/10,163,4,8,126,4,Rajasthan Royals,NV Ojha
419127,Kings XI Punjab,Kolkata Knight Riders,27-03-2010,Chandigarh,2009/10,150,2,20,153,7,Kolkata Knight Riders,MK Tiwary
419126,Rajasthan Royals,Deccan Chargers,26-03-2010,Ahmedabad,2009/10,83,5,17,82,0,Rajasthan Royals,YK Pathan
419125,Chennai Super Kings,Mumbai Indians,25-03-2010,Mumbai,2009/10,179,5,9,184,3,Mumbai Indians,SR Tendulkar
419128,Royal Challengers Bangalore,Delhi Daredevils,25-03-2010,Bangalore,2009/10,122,6,8,126,10,Delhi Daredevils,KM Jadhav
419124,Kings XI Punjab,Rajasthan Royals,24-03-2010,Chandigarh,2009/10,178,2,9,182,6,Rajasthan Royals,AC Voges
419123,Royal Challengers Bangalore,Chennai Super Kings,23-03-2010,Bangalore,2009/10,204,10,18,116,8,Royal Challengers Bangalore,RV Uthappa
419122,Mumbai Indians,Kolkata Knight Riders,22-03-2010,Mumbai,2009/10,128,0,11,70,0,Mumbai Indians,SR Tendulkar
419121,Chennai Super Kings,Kings XI Punjab,21-03-2010,Chennai,2009/10,85,0,9,86,3,Kings XI Punjab,J Theron
419120,Deccan Chargers,Delhi Daredevils,21-03-2010,Cuttack,2009/10,84,4,16,70,1,Deccan Chargers,A Symonds
419119,Mumbai Indians,Royal Challengers Bangalore,20-03-2010,Mumbai,2009/10,215,1,12,219,3,Royal Challengers Bangalore,JH Kallis
419118,Rajasthan Royals,Kolkata Knight Riders,20-03-2010,Ahmedabad,2009/10,208,8,15,112,6,Rajasthan Royals,AA Jhunjhunwala
419116,Delhi Daredevils,Chennai Super Kings,19-03-2010,Delhi,2009/10,130,9,16,133,4,Chennai Super Kings,ML Hayden
419117,Deccan Chargers,Kings XI Punjab,19-03-2010,Cuttack,2009/10,165,10,15,91,1,Deccan Chargers,A Symonds
419115,Royal Challengers Bangalore,Rajasthan Royals,18-03-2010,Bangalore,2009/10,212,5,13,150,1,Royal Challengers Bangalore,JH Kallis
419114,Delhi Daredevils,Mumbai Indians,17-03-2010,Delhi,2009/10,166,1,18,169,9,Mumbai Indians,SR Tendulkar
419113,Kolkata Knight Riders,Chennai Super Kings,16-03-2010,Kolkata,2009/10,164,0,19,165,5,Chennai Super Kings,MS Dhoni
419112,Royal Challengers Bangalore,Kings XI Punjab,16-03-2010,Bangalore,2009/10,146,9,17,103,9,Royal Challengers Bangalore,JH Kallis
419111,Rajasthan Royals,Delhi Daredevils,15-03-2010,Ahmedabad,2009/10,155,0,9,156,9,Delhi Daredevils,V Sehwag
419109,Kolkata Knight Riders,Royal Challengers Bangalore,14-03-2010,Kolkata,2009/10,204,0,11,91,6,Kolkata Knight Riders,MK Tiwary
419110,Chennai Super Kings,Deccan Chargers,14-03-2010,Chennai,2009/10,101,6,12,106,3,Deccan Chargers,WPUJC Vaas
419108,Kings XI Punjab,Delhi Daredevils,13-03-2010,Chandigarh,2009/10,154,3,18,156,10,Delhi Daredevils,G Gambhir
419107,Mumbai Indians,Rajasthan Royals,13-03-2010,Mumbai,2009/10,123,7,11,95,10,Mumbai Indians,YK Pathan
419106,Deccan Chargers,Kolkata Knight Riders,12-03-2010,Mumbai,2009/10,203,10,12,206,5,Kolkata Knight Riders,AD Mathews
392239,Royal Challengers Bangalore,Deccan Chargers,24-05-2009,Johannesburg,2009,99,4,19,102,2,Deccan Chargers,A Kumble
392238,Royal Challengers Bangalore,Chennai Super Kings,23-05-2009,Johannesburg,2009,86,2,11,85,1,Royal Challengers Bangalore,MK Pandey
392237,Delhi Daredevils,Deccan Chargers,22-05-2009,Centurion,2009,189,1,7,194,0,Deccan Chargers,AC Gilchrist
392236,Royal Challengers Bangalore,Deccan Chargers,21-05-2009,Centurion,2009,95,2,7,77,1,Royal Challengers Bangalore,MK Pandey
392235,Delhi Daredevils,Mumbai Indians,21-05-2009,Centurion,2009,186,2,10,77,8,Delhi Daredevils,V Sehwag
392234,Chennai Super Kings,Kings XI Punjab,20-05-2009,Durban,2009,78,0,9,69,10,Chennai Super Kings,M Muralitharan
392233,Kolkata Knight Riders,Rajasthan Royals,20-05-2009,Durban,2009,145,5,10,131,1,Kolkata Knight Riders,LR Shukla
392232,Royal Challengers Bangalore,Delhi Daredevils,19-05-2009,Johannesburg,2009,109,3,10,70,3,Royal Challengers Bangalore,JH Kallis
392231,Chennai Super Kings,Kolkata Knight Riders,18-05-2009,Centurion,2009,149,4,13,150,0,Kolkata Knight Riders,BJ Hodge
392230,Delhi Daredevils,Rajasthan Royals,17-05-2009,Bloemfontein,2009,85,4,7,83,3,Delhi Daredevils,AB de Villiers
392229,Deccan Chargers,Kings XI Punjab,17-05-2009,Johannesburg,2009,156,9,19,161,3,Kings XI Punjab,Yuvraj Singh
392227,Chennai Super Kings,Mumbai Indians,16-05-2009,Port Elizabeth,2009,134,5,18,89,8,Chennai Super Kings,ML Hayden
392228,Deccan Chargers,Kolkata Knight Riders,16-05-2009,Johannesburg,2009,133,1,17,78,7,Deccan Chargers,RG Sharma
392226,Delhi Daredevils,Kings XI Punjab,15-05-2009,Bloemfontein,2009,153,10,10,154,9,Kings XI Punjab,B Lee
392225,Mumbai Indians,Rajasthan Royals,14-05-2009,Durban,2009,183,3,18,185,0,Rajasthan Royals,SK Warne
392224,Royal Challengers Bangalore,Chennai Super Kings,14-05-2009,Durban,2009,139,8,14,80,2,Royal Challengers Bangalore,LRPL Taylor
392223,Deccan Chargers,Delhi Daredevils,13-05-2009,Durban,2009,130,5,7,132,3,Delhi Daredevils,R Bhatia
392222,Kings XI Punjab,Mumbai Indians,12-05-2009,Centurion,2009,137,2,10,141,2,Mumbai Indians,Harbhajan Singh
392221,Royal Challengers Bangalore,Kolkata Knight Riders,12-05-2009,Centurion,2009,95,5,20,73,1,Royal Challengers Bangalore,LRPL Taylor
392220,Deccan Chargers,Rajasthan Royals,11-05-2009,Kimberley,2009,214,2,15,121,1,Deccan Chargers,DR Smith
392219,Delhi Daredevils,Kolkata Knight Riders,10-05-2009,Johannesburg,2009,116,10,15,114,1,Delhi Daredevils,A Mishra
392218,Royal Challengers Bangalore,Mumbai Indians,10-05-2009,Port Elizabeth,2009,109,4,9,111,5,Mumbai Indians,JP Duminy
392216,Deccan Chargers,Kings XI Punjab,09-05-2009,Kimberley,2009,128,7,13,129,10,Kings XI Punjab,DPMD Jayawardene
392217,Chennai Super Kings,Rajasthan Royals,09-05-2009,Kimberley,2009,195,8,8,114,6,Chennai Super Kings,S Badrinath
392215,Delhi Daredevils,Mumbai Indians,08-05-2009,East London,2009,71,0,20,70,10,Delhi Daredevils,A Nehra
392214,Chennai Super Kings,Kings XI Punjab,07-05-2009,Centurion,2009,185,10,9,172,9,Chennai Super Kings,ML Hayden
392213,Royal Challengers Bangalore,Rajasthan Royals,07-05-2009,Centurion,2009,117,6,20,122,4,Rajasthan Royals,A Singh
392212,Deccan Chargers,Mumbai Indians,06-05-2009,Centurion,2009,207,8,11,106,10,Deccan Chargers,RG Sharma
392211,Delhi Daredevils,Kolkata Knight Riders,05-05-2009,Durban,2009,123,10,15,102,4,Delhi Daredevils,G Gambhir
392210,Kings XI Punjab,Rajasthan Royals,05-05-2009,Durban,2009,129,3,9,131,6,Rajasthan Royals,GC Smith
392209,Chennai Super Kings,Deccan Chargers,04-05-2009,East London,2009,210,10,11,83,1,Chennai Super Kings,MS Dhoni
392208,Royal Challengers Bangalore,Mumbai Indians,03-05-2009,Johannesburg,2009,108,9,9,103,7,Royal Challengers Bangalore,JH Kallis
392207,Kings XI Punjab,Kolkata Knight Riders,03-05-2009,Port Elizabeth,2009,89,3,11,87,2,Kings XI Punjab,DPMD Jayawardene
392205,Deccan Chargers,Rajasthan Royals,02-05-2009,Port Elizabeth,2009,153,5,8,158,4,Rajasthan Royals,YK Pathan
392206,Chennai Super Kings,Delhi Daredevils,02-05-2009,Johannesburg,2009,112,8,9,70,7,Chennai Super Kings,SB Jakati
392203,Kolkata Knight Riders,Mumbai Indians,01-05-2009,East London,2009,203,10,10,205,1,Mumbai Indians,JP Duminy
392204,Royal Challengers Bangalore,Kings XI Punjab,01-05-2009,Durban,2009,128,4,11,89,4,Royal Challengers Bangalore,Yuvraj Singh
392202,Chennai Super Kings,Rajasthan Royals,30-04-2009,Centurion,2009,121,3,14,76,9,Chennai Super Kings,SK Raina
392201,Deccan Chargers,Delhi Daredevils,30-04-2009,Centurion,2009,83,7,15,88,1,Delhi Daredevils,DP Nannes
392200,Kings XI Punjab,Mumbai Indians,29-04-2009,Durban,2009,114,6,13,71,6,Kings XI Punjab,KC Sangakkara
392199,Royal Challengers Bangalore,Kolkata Knight Riders,29-04-2009,Durban,2009,216,9,17,100,2,Royal Challengers Bangalore,MV Boucher
392198,Delhi Daredevils,Rajasthan Royals,28-04-2009,Centurion,2009,126,1,8,128,10,Rajasthan Royals,YK Pathan
392197,Kolkata Knight Riders,Mumbai Indians,27-04-2009,Port Elizabeth,2009,126,10,17,131,5,Mumbai Indians,SR Tendulkar
392196,Chennai Super Kings,Deccan Chargers,27-04-2009,Durban,2009,134,8,10,136,9,Deccan Chargers,HH Gibbs
392194,Royal Challengers Bangalore,Delhi Daredevils,26-04-2009,Port Elizabeth,2009,138,1,15,139,9,Delhi Daredevils,TM Dilshan
392195,Kings XI Punjab,Rajasthan Royals,26-04-2009,Cape Town,2009,111,3,19,73,10,Kings XI Punjab,KC Sangakkara
392192,Deccan Chargers,Mumbai Indians,25-04-2009,Durban,2009,70,0,16,68,1,Deccan Chargers,PP Ojha
392191,Royal Challengers Bangalore,Kings XI Punjab,24-04-2009,Durban,2009,143,0,19,148,10,Kings XI Punjab,RS Bopara
392190,Kolkata Knight Riders,Rajasthan Royals,23-04-2009,Cape Town,2009,200,2,20,203,7,Rajasthan Royals,YK Pathan
392189,Chennai Super Kings,Delhi Daredevils,23-04-2009,Durban,2009,182,10,15,183,2,Delhi Daredevils,AB de Villiers
392188,Royal Challengers Bangalore,Deccan Chargers,22-04-2009,Cape Town,2009,164,2,18,167,3,Deccan Chargers,AC Gilchrist
392186,Kings XI Punjab,Kolkata Knight Riders,21-04-2009,Durban,2009,114,5,19,115,2,Kolkata Knight Riders,CH Gayle
392185,Royal Challengers Bangalore,Chennai Super Kings,20-04-2009,Port Elizabeth,2009,174,8,20,179,9,Chennai Super Kings,M Muralitharan
392184,Deccan Chargers,Kolkata Knight Riders,19-04-2009,Cape Town,2009,117,0,8,69,3,Deccan Chargers,RP Singh
392183,Delhi Daredevils,Kings XI Punjab,19-04-2009,Cape Town,2009,161,3,10,106,10,Delhi Daredevils,DL Vettori
392182,Royal Challengers Bangalore,Rajasthan Royals,18-04-2009,Cape Town,2009,168,7,17,121,3,Royal Challengers Bangalore,R Dravid
392181,Chennai Super Kings,Mumbai Indians,18-04-2009,Cape Town,2009,88,3,9,93,10,Mumbai Indians,SR Tendulkar
336040,Chennai Super Kings,Rajasthan Royals,01-06-2008,Mumbai,2007/08,194,8,12,199,6,Rajasthan Royals,YK Pathan
336039,Chennai Super Kings,Kings XI Punjab,31-05-2008,Mumbai,2007/08,159,1,7,97,4,Chennai Super Kings,M Ntini
336038,Delhi Daredevils,Rajasthan Royals,30-05-2008,Mumbai,2007/08,168,5,15,173,8,Rajasthan Royals,SR Watson
336019,Kings XI Punjab,Rajasthan Royals,28-05-2008,Chandigarh,2007/08,102,0,8,77,10,Kings XI Punjab,SE Marsh
336012,Royal Challengers Bangalore,Mumbai Indians,28-05-2008,Bangalore,2007/08,125,5,16,129,10,Mumbai Indians,CRD Fernando
336037,Deccan Chargers,Chennai Super Kings,27-05-2008,Hyderabad,2007/08,97,2,15,100,5,Chennai Super Kings,SK Raina
336036,Rajasthan Royals,Mumbai Indians,26-05-2008,Jaipur,2007/08,152,8,19,73,2,Rajasthan Royals,Sohail Tanvir
336035,Kolkata Knight Riders,Kings XI Punjab,25-05-2008,Kolkata,2007/08,205,2,16,120,0,Kolkata Knight Riders,Umar Gul
336002,Deccan Chargers,Royal Challengers Bangalore,25-05-2008,Hyderabad,2007/08,103,7,13,105,0,Royal Challengers Bangalore,R Vinay Kumar
336033,Chennai Super Kings,Rajasthan Royals,24-05-2008,Chennai,2007/08,152,3,14,156,3,Rajasthan Royals,JA Morkel
336032,Delhi Daredevils,Mumbai Indians,24-05-2008,Delhi,2007/08,149,5,15,100,7,Delhi Daredevils,KD Karthik
336031,Kings XI Punjab,Deccan Chargers,23-05-2008,Chandigarh,2007/08,193,8,17,146,0,Kings XI Punjab,SE Marsh
336029,Chennai Super Kings,Royal Challengers Bangalore,21-05-2008,Chennai,2007/08,72,6,17,75,8,Royal Challengers Bangalore,A Kumble
336028,Mumbai Indians,Kings XI Punjab,21-05-2008,Mumbai,2007/08,147,9,15,152,10,Kings XI Punjab,SE Marsh
336027,Kolkata Knight Riders,Rajasthan Royals,20-05-2008,Kolkata,2007/08,116,7,17,117,10,Rajasthan Royals,YK Pathan
336026,Royal Challengers Bangalore,Delhi Daredevils,19-05-2008,Bangalore,2007/08,192,9,12,195,10,Delhi Daredevils,SP Goswami
336025,Kolkata Knight Riders,Chennai Super Kings,18-05-2008,Kolkata,2007/08,138,3,16,143,7,Chennai Super Kings,M Ntini
336024,Deccan Chargers,Mumbai Indians,18-05-2008,Hyderabad,2007/08,135,2,20,136,2,Mumbai Indians,DJ Bravo
336022,Delhi Daredevils,Kings XI Punjab,17-05-2008,Delhi,2007/08,108,1,15,110,5,Kings XI Punjab,DPMD Jayawardene
336023,Rajasthan Royals,Royal Challengers Bangalore,17-05-2008,Jaipur,2007/08,162,0,7,87,2,Rajasthan Royals,GC Smith
336021,Mumbai Indians,Kolkata Knight Riders,16-05-2008,Mumbai,2007/08,115,10,13,73,4,Mumbai Indians,SM Pollock
336020,Delhi Daredevils,Deccan Chargers,15-05-2008,Delhi,2007/08,98,3,10,93,4,Delhi Daredevils,A Mishra
336018,Mumbai Indians,Chennai Super Kings,14-05-2008,Mumbai,2007/08,154,10,10,119,6,Mumbai Indians,ST Jayasuriya
336017,Kolkata Knight Riders,Delhi Daredevils,13-05-2008,Kolkata,2007/08,155,0,8,108,4,Kolkata Knight Riders,Shoaib Akhtar
336016,Kings XI Punjab,Royal Challengers Bangalore,12-05-2008,Chandigarh,2007/08,216,3,7,106,4,Kings XI Punjab,SE Marsh
336015,Rajasthan Royals,Delhi Daredevils,11-05-2008,Jaipur,2007/08,142,1,12,75,8,Rajasthan Royals,SR Watson
336014,Deccan Chargers,Kolkata Knight Riders,11-05-2008,Hyderabad,2007/08,168,9,11,172,2,Kolkata Knight Riders,SC Ganguly
336013,Chennai Super Kings,Kings XI Punjab,10-05-2008,Chennai,2007/08,173,8,10,111,3,Chennai Super Kings,L Balaji
336011,Rajasthan Royals,Deccan Chargers,09-05-2008,Jaipur,2007/08,96,1,17,71,10,Rajasthan Royals,YK Pathan
336009,Delhi Daredevils,Chennai Super Kings,08-05-2008,Delhi,2007/08,199,1,8,201,4,Chennai Super Kings,MS Dhoni
336010,Kolkata Knight Riders,Royal Challengers Bangalore,08-05-2008,Kolkata,2007/08,72,2,13,68,10,Kolkata Knight Riders,SC Ganguly
336008,Mumbai Indians,Rajasthan Royals,07-05-2008,Mumbai,2007/08,206,1,17,114,1,Mumbai Indians,A Nehra
336007,Chennai Super Kings,Deccan Chargers,06-05-2008,Chennai,2007/08,175,10,17,176,5,Deccan Chargers,AC Gilchrist
336006,Royal Challengers Bangalore,Kings XI Punjab,05-05-2008,Bangalore,2007/08,105,8,16,109,1,Kings XI Punjab,S Sreesanth
336005,Rajasthan Royals,Chennai Super Kings,04-05-2008,Jaipur,2007/08,97,7,10,96,4,Rajasthan Royals,Sohail Tanvir
336004,Mumbai Indians,Delhi Daredevils,04-05-2008,Mumbai,2007/08,159,0,8,98,5,Mumbai Indians,SM Pollock
336034,Royal Challengers Bangalore,Deccan Chargers,03-05-2008,Bangalore,2007/08,216,9,15,82,0,Royal Challengers Bangalore,P Kumar
336003,Kings XI Punjab,Kolkata Knight Riders,03-05-2008,Chandigarh,2007/08,178,5,19,129,10,Kings XI Punjab,IK Pathan
336001,Chennai Super Kings,Delhi Daredevils,02-05-2008,Chennai,2007/08,214,5,11,216,0,Delhi Daredevils,V Sehwag
336000,Rajasthan Royals,Kolkata Knight Riders,01-05-2008,Jaipur,2007/08,173,8,14,87,8,Rajasthan Royals,SA Asnodkar
335999,Deccan Chargers,Kings XI Punjab,01-05-2008,Hyderabad,2007/08,131,9,17,134,3,Kings XI Punjab,SE Marsh
335998,Delhi Daredevils,Royal Challengers Bangalore,30-04-2008,Delhi,2007/08,133,3,20,83,0,Delhi Daredevils,GD McGrath
335997,Kolkata Knight Riders,Mumbai Indians,29-04-2008,Kolkata,2007/08,126,0,19,127,2,Mumbai Indians,ST Jayasuriya
335996,Royal Challengers Bangalore,Chennai Super Kings,28-04-2008,Bangalore,2007/08,99,1,16,102,0,Chennai Super Kings,MS Dhoni
335995,Kings XI Punjab,Delhi Daredevils,27-04-2008,Chandigarh,2007/08,96,3,9,93,3,Kings XI Punjab,SM Katich
335994,Mumbai Indians,Deccan Chargers,27-04-2008,Mumbai,2007/08,118,2,16,121,2,Deccan Chargers,AC Gilchrist
335993,Chennai Super Kings,Kolkata Knight Riders,26-04-2008,Chennai,2007/08,88,8,10,75,1,Chennai Super Kings,JDP Oram
335992,Royal Challengers Bangalore,Rajasthan Royals,26-04-2008,Bangalore,2007/08,202,9,13,206,3,Rajasthan Royals,SR Watson
335991,Kings XI Punjab,Mumbai Indians,25-04-2008,Chandigarh,2007/08,166,7,13,138,2,Kings XI Punjab,KC Sangakkara
335990,Deccan Chargers,Rajasthan Royals,24-04-2008,Hyderabad,2007/08,214,3,7,217,2,Rajasthan Royals,YK Pathan
335989,Chennai Super Kings,Mumbai Indians,23-04-2008,Chennai,2007/08,106,0,18,71,1,Chennai Super Kings,ML Hayden
335988,Deccan Chargers,Delhi Daredevils,22-04-2008,Hyderabad,2007/08,77,10,18,79,6,Delhi Daredevils,V Sehwag
335987,Rajasthan Royals,Kings XI Punjab,21-04-2008,Jaipur,2007/08,117,3,11,95,0,Rajasthan Royals,SR Watson
335986,Kolkata Knight Riders,Deccan Chargers,20-04-2008,Kolkata,2007/08,146,9,10,85,7,Kolkata Knight Riders,DJ Hussey
335985,Mumbai Indians,Royal Challengers Bangalore,20-04-2008,Mumbai,2007/08,148,8,10,152,0,Royal Challengers Bangalore,MV Boucher
335984,Delhi Daredevils,Rajasthan Royals,19-04-2008,Delhi,2007/08,164,7,20,107,4,Delhi Daredevils,MF Maharoof
335983,Kings XI Punjab,Chennai Super Kings,19-04-2008,Chandigarh,2007/08,192,0,12,196,6,Chennai Super Kings,MEK Hussey
335982,Royal Challengers Bangalore,Kolkata Knight Riders,18-04-2008,Bangalore,2007/08,72,8,19,73,7,Kolkata Knight Riders,BB McCullum
